cookie_id,score
ck_315fb710a0e371e7,0.002750033552423982
ck_a76ee3b3e3e522fd,0.8771568068391917
ck_94c9a4d382689e82,0.8007665883113044
ck_8eaf9509ad9462a0,0.027602103884022525
ck_9a88a5a989cb5bc6,0.44428168679849395
ck_15239ef0689c1a35,0.3897904660024805
ck_8de69cd219d3b87f,0.9229926058613244
ck_f92cd37022b0ce21,0.4983655058733938
ck_1a3ff7620580a514,0.48441167993214357
ck_397c03aa33a57310,0.8744066818790593
ck_a7cf6c3b322f6b7a,0.19352021718431248
ck_c39a9e75760e3201,0.2816228397959166
ck_88ab6d245228c38e,0.025666902194192712
ck_17733f75ebdea93e,0.06559317621610879
ck_58eb871e8d7bed52,0.6280241965412426
ck_e55b7fa67db1ec27,0.07842662022437692
ck_62f5cfe22c952694,0.5430788864663318
ck_7fbb709a0fe95759,0.15746434505332715
ck_87abe9cd066a20fb,0.8027017987106796
ck_d58e058b5c553dd5,0.2885488314255296
ck_d27b872648b71202,0.15797360857300066
ck_4b4a3c5b95c55b43,0.01568533328805661
ck_66dd4f4b4127256d,0.06976913694060548
ck_93cc12703b500613,0.828063589780908
ck_d28806a2179092eb,0.9953147101597782
ck_0595c2a0c7881e05,0.4058831962359131
ck_50087d8666191144,0.9105654927311615
ck_b08b3f089138c901,0.5069211390461476
ck_fe3b67041dad2dd1,0.04685227216621076
ck_8449a28f7d475d93,0.48848580171185235
ck_8642e3b6d84f49d3,0.258909679033947
ck_e49b5e4f2f2e79db,0.9373556410273782
ck_437afe412ea4259c,0.8742030077921258
ck_569b83668d74042d,0.9273727433860433
ck_233a487d31c3e631,0.9949072958186277
ck_1fca72e03143a645,0.9762677564879794
ck_79205e31223df2ad,0.5708846902202949
ck_9625a64406ea16e3,0.1379086191185711
ck_079bd18dacb704a8,0.8729807216613593
ck_4db6d4fd2b49aa81,0.6986080990659087
ck_0dbefdac0a1868fb,0.051333792859728854
ck_24ff97ad90bdd69a,0.8745085222654884
ck_77f8c5042065d506,0.27744687823374564
ck_f11be8ce05382cec,0.36626248402944306
ck_c9d72140b0389216,0.710728615716924
ck_69eda24e931fb36a,0.03340770914584455
ck_ed471e496916ee15,0.14534387130487988
ck_ff090498c4b17ac3,0.41168880421096127
ck_c3c19d6a0720915c,0.20411290306854452
ck_af02e1817cfa40b5,0.6619411213621968
ck_2df5a9fc87553eb1,0.3422252263053247
ck_4ac918e884cff336,0.589421931417243
ck_ca149244b54ef3ad,0.011611222926217175
ck_6babe5b8674ff51f,0.4999951493648706
ck_1573878386886290,0.17722377603874662
ck_3925f8565abb7fe4,0.23140943941931122
ck_c4de808ae69c771f,0.0034630032108918588
ck_a777c813551281fe,0.23589096655308248
ck_df4424f6dd85080d,0.802396245627858
ck_85e5494ec20383ae,0.5990979035693333
ck_f71a4094e889c3af,0.18588126578205447
ck_f2f3cf9cd23b2809,0.7204046216227413
ck_18e2076397bcc211,0.6986081242397051
ck_c9f9fddef39bc664,0.6938210218204672
ck_7e826e233d6ea028,0.2582985602664974
ck_62fd7eb46bee9210,0.4197351714483279
ck_206f8e3cd72768f3,0.7666458431364803
ck_aa295a11b0a6ab36,0.5473566908003531
ck_9a56739d81f84a53,0.22489086684836468
ck_aa075c418ed9fe5a,0.5090600491900673
ck_62b9fb3db284941b,0.26033562162155555
ck_f4f83b1403ebea46,0.6358667680453517
ck_16b66bd803288bc3,0.9118896056834657
ck_c4ca1434f3778f1d,0.991851689322322
ck_1b823610371a29c0,0.24811328798224752
ck_c2bd5a722aa637d9,0.41362400682460715
ck_7890208951df34f0,0.3933553069962269
ck_020eb0e454524ecd,0.11662139674414666
ck_3b66196ccf436c35,0.2559559498729745
ck_109fc467ec0a4af5,0.8476190844037534
ck_f3dcd818db92de7b,0.7128674989473113
ck_31e7742f160980ef,0.6796634909408424
ck_77fce5f86f00b8f4,0.9163715568946831
ck_46bc797b4d07d607,0.08494519661114537
ck_37899b1b571b1c6b,0.40486466905201723
ck_ef8a6af43fedd464,0.10837132669184589
ck_bcc8519fe8521038,0.7737756020640826
ck_90696b7182dd9129,0.5713939430452636
ck_4a24ad61d017e1ba,0.5853477750741715
ck_0acc3d8c67218b9d,0.21266853252100698
ck_05c97fc9de11aba6,0.9054728970129332
ck_f8ac3a0500c0ec62,0.5417547870719632
ck_617b65141f546a1c,0.1839460612550999
ck_9d00823bf60388d7,0.6584780927253474
ck_123c15d93f1840f2,0.881027199156904
ck_573feefba6bf78bb,0.7528956908534594
ck_b25657bd16739036,0.45640216692765373
ck_bd26d2bef14a8597,0.2623726706358655
ck_a553418f2fba1440,0.5072267013921727
ck_89f3e380b0686963,0.41189250888833695
ck_b359192aa659bdce,0.5594771809224932
ck_02241f3dc301bebf,0.6293481837034853
ck_5ccc1a1c78cb33ee,0.6741634293024162
ck_349cc5edda1b8853,0.79119248993658
ck_e9f228845bf6e28b,0.8167575824116582
ck_0a45d033d4e280ea,0.6843487419025734
ck_7e63168dda612235,0.2012610238858658
ck_676fa5f6aae5475b,0.3781792563870941
ck_74b502b20690ccfe,0.37929962887706015
ck_073509af21dd7f5f,0.9372537420521171
ck_498a0acd450944d8,0.11346396381156236
ck_7f15b50b29dead01,0.4984673617972194
ck_8089fe7403c5f537,0.5650790712554918
ck_05b2b04e11d9ae9c,0.5520419216137304
ck_31e70f2f04b48b88,0.03177806690332855
ck_994316fa5a02b319,0.01344457347501417
ck_b76510998b9a2260,0.5492919014339546
ck_4db95c310e105d30,0.20665922323973707
ck_6f730b77dc6cdb84,0.253511486301667
ck_2493ee8e7b91d304,0.7591087392978051
ck_92d679d6ac7dcdcb,0.8729807178301777
ck_3a0e0200cbb185cb,0.509060053500208
ck_0b2eeb4e00ff7955,0.6714133961081181
ck_9843d0e61c37ebe8,0.996435098644775
ck_e61c8721e3ef1921,0.38449412183908516
ck_2e0eedaaf2980c2c,0.28814141852846537
ck_9036b2e5e9298a34,0.21073333049587878
ck_3265442528d51728,0.5727180810103714
ck_f2ddae2eb1cb29b4,0.2894655044481688
ck_6cfa71d27fc27f92,0.577912526064073
ck_f3199fbe84a28b9a,0.7005433159044823
ck_b78d785ca3ef773a,0.2929285001863312
ck_374865697f1480eb,0.7551364539273728
ck_06d0e4a9189302a9,0.7754051880192904
ck_9c9884b9bcaa552e,0.919427361620774
ck_fd4cf578e87703ff,0.6182462275851567
ck_1917ef3e6e345549,0.8452764799531696
ck_e70418b00cbbbac9,0.5570327136660806
ck_a60388296a47062c,0.5392084759759832
ck_d598fe8d2c779ab9,0.26695604761774805
ck_646dc03de4c31803,0.9648594446809007
ck_e4fd8cbd842b6993,0.15552914577659943
ck_2225b555aa2a42ed,0.6387186485384828
ck_6be8ae9d78148882,0.25697447883039115
ck_4199342d3aca74e8,0.8328503736755732
ck_779581adb573261f,0.30667863090158404
ck_bb303568b6915205,0.8308133620379552
ck_17c4296276448afe,0.2104277721952664
ck_a60a61ac829252a0,0.27265980003964374
ck_6ea70950c1cae00b,0.9624146863923445
ck_1abb93f6924645e1,0.687506142959384
ck_faab769cce19879a,0.771942195106463
ck_d5b8e74e7ca6355a,0.7393492468062607
ck_f11f7691af16ad07,0.09085265476305594
ck_188fdf2be7c92e9d,0.9988795790314349
ck_4a103f8254b366f7,0.4190222059382899
ck_bfa17a0b1760e616,0.04950044402661229
ck_a4d7f6a5869d440a,0.9790178879836234
ck_58e20f5a3e7f11b8,0.9477461382863857
ck_4becdd3d2696c7ba,0.23130758452434783
ck_dad5cf32ab9f243f,0.2904840300242532
ck_7d9f73dc7c4f90c3,0.8568878354229619
ck_c19371047a2d011d,0.06141721219450459
ck_247589ff532f7aa8,0.3661606268906582
ck_7a9f241d5f082567,0.16469589009863053
ck_0a2b7078736b4dda,0.20614995680076148
ck_687b412e2aac7eb6,0.4007905580028614
ck_fce0b6855886a0b8,0.4670967067080101
ck_e291cc60920456d0,0.8999722903559123
ck_04219a7ea798db51,0.8693139507395806
ck_286bfd719836e9f3,0.884082920333197
ck_55efc92394fee232,0.3212435594891514
ck_e36c8da1bd359960,0.7027840830753884
ck_34b0988a97d96902,0.36656803724716286
ck_e0fb11fc9dcb34e6,0.4430594562624022
ck_bcc9cbc9ed8b7c31,0.39753127884190376
ck_3df8da6f60a89a5b,0.46271703856673874
ck_b1495ee5c59a6b28,0.39681830162805415
ck_58f4c3ac61fda129,0.8278595271527835
ck_735f244b99e3aa8d,0.5880978194862772
ck_6b93bd8abf87b1d6,0.9536544521989155
ck_12107dacc6d05bd1,0.03992628461207229
ck_f96db2a1f3448d1f,0.41046657151369526
ck_8fd91a3c99e19097,0.4542632599811587
ck_910205d25388a0ae,0.011101959497962168
ck_d229dfa0e4442628,0.16235327835608
ck_7cdec61e1c488798,0.8401837829529638
ck_f66f06e24ff32671,0.4121980760105671
ck_350bf14e90b503f5,0.3658550684149272
ck_61fff5fdaadd394b,0.2481132859982239
ck_e934f984bad2ff91,0.9448939836032321
ck_ff6a6d3547dd2d37,0.5569308696993798
ck_65ad9b15979e3247,0.6678485707042071
ck_bbe1a2ea5a403ad8,0.9310400752027674
ck_6f3a28eecd2c4031,0.39783683289488303
ck_a89b66665714058f,0.26746530985758343
ck_918c92182b6817cd,0.6519595166316525
ck_64f5eb4be9e7b8fa,0.9022136042597808
ck_d021fd497ea35fb2,0.5335047176185911
ck_004de16f7d8a42ae,0.5501067177891783
ck_a33d2325f86ab12d,0.14177902546997667
ck_89790ff26c844bc6,0.2985303967951077
ck_e6e7257377c37b28,0.8661565057436704
ck_a2cc3910a641a808,0.962720321499602
ck_646e270e0195bf05,0.3511882727968464
ck_baba5d66def0d770,0.8863236664885991
ck_67cdcdda3033842d,0.889277514977149
ck_b5c3075c811a2216,0.7578864797986631
ck_515379973a8044b8,0.12701037801071158
ck_c0ce85fb4109567d,0.7133767704943926
ck_fef850553862aaca,0.053981965122752947
ck_55d7217b0aff9fa2,0.2581967079663862
ck_8e139f8925ef7968,0.36290133574149996
ck_9e35b908fca1e4d7,0.07038025550187864
ck_59735f4ab2ad3da5,0.42177222670129894
ck_dc569c1167ccec0d,0.9502928763062721
ck_1dade5592f90a15c,0.577912522072395
ck_793048d11fb8b328,0.8939629323695043
ck_545b71eb4fa594b5,0.12517702607770026
ck_bd30853e9a57b544,0.478402363916779
ck_59f46321ecf6d306,0.487976526960828
ck_260cfe9141d249f1,0.8942684450931938
ck_3365a0ad1a8aa83c,0.4410223988840145
ck_b0ef193195a2138b,0.3273547270856423
ck_0f909705e2e60f2f,0.19066833881876522
ck_5a540b75c866166a,0.5728198837848761
ck_87c26b2f41025109,0.9850274388883331
ck_27acc9f320cda104,0.8564803500321982
ck_a27bc31eecd9cb9a,0.3933553116461039
ck_115d86fabde77b65,0.04939858815530699
ck_eeca179341d56f8a,0.9531451691907998
ck_8e5999c436cf037e,0.03850034652581963
ck_510e7c5df1f95d90,0.9992870014312719
ck_f1acf73363925958,0.5032544407924199
ck_3c177f5970b68bd3,0.38571635059102655
ck_9cdfaa1c30cc9d32,0.053778259114317654
ck_c8efa1538b37c359,0.5226064684743758
ck_a8a2e296f9804bd7,0.7387381296186094
ck_91a0ca45f429568d,0.6091813292347538
ck_5fdf8a0bdbd3ed62,0.5328936001840806
ck_0f4e2ec66d50da5f,0.20166843652749242
ck_28c53b214b2ee882,0.9045559005853472
ck_003148504557f720,0.8992593082976326
ck_01d840cffb870615,0.9356238748909379
ck_555848d51f4b5f35,0.6713115440925242
ck_df20cc23b8fb8e22,0.410364729351163
ck_f9604adde929beff,0.25035405506018926
ck_d66952b03591bdec,0.23527984134303104
ck_ddcac1ab765ff61a,0.7261083764003253
ck_347386629d96c664,0.6601077320494073
ck_ab01db9117acfe3d,0.3035211800261648
ck_58e5359efc52e0ad,0.18007565476478268
ck_1a524b5cc8da71b3,0.8284706693365724
ck_e9287b6d909d731f,0.1737607871079925
ck_bb41a66e3d90263b,0.9084263935175876
ck_e95c8cc1864bd584,0.239863223327329
ck_7a3f2961e9a8b6dc,0.23365019644712237
ck_378a9df82b1e0bee,0.9040466038742723
ck_42633573639a3f02,0.9816662245442317
ck_2a5a4c18c2c7274b,0.4362353190847221
ck_77549c1a41f837c3,0.5165971501032991
ck_a26704b5b26258b7,0.39162383341358575
ck_9874ad160efddf50,0.12670481814224405
ck_9111e3a04b14dfba,0.6041905421616138
ck_651e076ee43aea85,0.32389173265021537
ck_391639c0f13932f3,0.03931517056620172
ck_02dbabda93c8c13d,0.672228219284745
ck_0adcb1fffcb0a34b,0.6957562222558487
ck_7a43ef9c7b1c67b5,0.09299156258394202
ck_4b9dd69946438d0b,0.33183624598981665
ck_90bf017cdd37b66e,0.7981184096197588
ck_61c74163eb36556e,0.5831070127769942
ck_13376c59b5bd6943,0.11305655134328883
ck_62337eccb1672737,0.24414103458086733
ck_16077934338472bf,0.1424919919956164
ck_0d4dfd93086e7330,0.2928266469273755
ck_3865b7525b910893,0.39600349221910586
ck_7e2ae8b69ebd5675,0.3671791496783773
ck_b4384b6c11766ce7,0.39396642840208107
ck_3d7fa32dfb9fc692,0.8654435117715827
ck_f4a6a7cadd6e0603,0.8307114201200919
ck_212525e2828a6c45,0.4206518800589545
ck_33ad8d53394ba77a,0.9293081515359176
ck_a5051eafe8b51224,0.29832669225630515
ck_f65e5ff7da565f91,0.3768551646651786
ck_5c37f7563fa7591d,0.4910321366075897
ck_f1e0a006068aff29,0.6231351687717273
ck_c646cdead6fb79d0,0.46108740003373483
ck_f8b3cdffef535330,0.9214646454802001
ck_e5cdbe3aa12c97f6,0.4527354708276754
ck_986e4e61440506d0,0.8799068109936027
ck_6da9c5912e15d9a8,0.2801969009340914
ck_51d842e6dae74c71,0.3037248869541777
ck_5fc65c24e0736d5d,0.9665910596844738
ck_babb95a76c69509d,0.7566642638357683
ck_86a2d852a9715432,0.7574790657982963
ck_db4083a0d043def8,0.9149454213509091
ck_96953b8945b7d403,0.5060044641925123
ck_7831ca5c31fb3859,0.8438505097146949
ck_60ac5e5f375daa38,0.22163157280233003
ck_05d44eb1f5f085ce,0.7754051817113394
ck_432cc19c7eeaa46e,0.5794403228324326
ck_7fc513033af061af,0.9109728976775661
ck_ada6ede84c111719,0.7184694215609173
ck_6343e0d3b1c2962b,0.4139295699943393
ck_010264ae04f2e902,0.9097510573238149
ck_e9dcf535f8c289eb,0.8172668371961087
ck_37143d9cc296e6fa,0.47341158180009796
ck_61fa051192f3e810,0.5727180315889903
ck_f9f93d1d41be1468,0.9580346672153184
ck_c4f4f28457be8a74,0.020777969866400944
ck_323a71f9452d21cb,0.9496814832357182
ck_170f4688e0acd875,0.7769330027945156
ck_869b1878d09d230d,0.9116859017236916
ck_2f6b33bf46976229,0.27235423962247857
ck_b11e22e75d9b99de,0.06192647673588758
ck_123d75ffb75b606d,0.32674361459562495
ck_94295287a04c85d2,0.8797031453599474
ck_1b0434f096795328,0.06773208470799029
ck_0a4e191cd0a57ce1,0.06640799819661458
ck_d2fbd0df99634676,0.5642642599684571
ck_d51df5e9fbbbcc94,0.7340529184128793
ck_2d3d7d64a6f443f8,0.4457076300972871
ck_731943c682c9394e,0.5479678133288389
ck_5ccc0c94e5e1f849,0.49143951597354646
ck_c3476080516db25d,0.5389029064024692
ck_5010ffb1c94187b5,0.05978757043628123
ck_7ef666d67bc70223,0.5627364622084366
ck_c1b493527224a27a,0.16663109318301386
ck_5d1e25d7acc5af9a,0.5939034215546478
ck_ec30b61cbf517db8,0.10450092165714236
ck_79323eb5d2e5efae,0.318289832442471
ck_4085cd3bf2661518,0.3721699381518074
ck_2ca91214c357c072,0.8879533383554029
ck_7f3132d6be389657,0.6967747489318086
ck_e7a6b925c8f39a85,0.7794793023635443
ck_c886adec7bac250a,0.6229314605928751
ck_c3f360c2d0ea0a37,0.39793868381402187
ck_a7acd5b015823793,0.34354931243580256
ck_9d64187c0800f84e,0.5626346119755267
ck_5d4ed73b9efd7d11,0.3284751051691935
ck_874eca6776b34dec,0.08718595811371428
ck_96a9221a87be93c3,0.7264139463589785
ck_68dd79a51eabf5e6,0.7856923448116573
ck_8311cb6755b2016c,0.2601319227977397
ck_16fc77b2bcf5ec03,0.9845181417443366
ck_ad9e2088a33c8c72,0.010898253133098482
ck_7176bbc97b1e42a1,0.12731593421377382
ck_80dfa54b30f65fff,0.9398003979962026
ck_31c54d540b128843,0.14391793198995098
ck_43ea894480567274,0.7075711678316411
ck_9c9e8a38bd5a6c88,0.5730236123013537
ck_1c2dcae19539e148,0.7346640188308187
ck_b0fa8b84e94d8ae0,0.5229120235118023
ck_4ceb43ccd0a81c2f,0.28865068052002485
ck_ba845332b730b596,0.09849160844329824
ck_73d3e8c6077f61e6,0.8716566054988871
ck_b5d0d223ef56473f,0.6790523582297372
ck_949f08f8e80e93ea,0.17915897810346043
ck_73de0b49709e5f8c,0.19229798549884114
ck_b5935e9722a39819,0.778257090778781
ck_96247fee0eb44420,0.22590939139714572
ck_a6def1e4b2d57e0d,0.6372927013209414
ck_aecdc5a96321a2d8,0.5632457201386635
ck_bc61c59970f8de49,0.5751625076372232
ck_c43b4175fc9ac5bd,0.9678134111568473
ck_8ff7a9b23a55fd62,0.4937821309786533
ck_20c99b645f462449,0.3313269840672403
ck_a5ce2ae36fb410d9,0.13098263290674075
ck_96fb9bf556842bbc,0.5731254415486722
ck_b5e4c6dbbed1b773,0.7149045571369089
ck_2085433978e72ea9,0.7935350446124018
ck_2c6b174b063ec637,0.4993840313351293
ck_b20b81b88dabe28d,0.17498301898658647
ck_243c18dbf150831c,0.2736783248115104
ck_2bb6a17e8eee35cc,0.8151279115691742
ck_66147fb994495396,0.9120934007359871
ck_73f124f075ede0fc,0.48359685462836793
ck_2e315f1b1e533dab,0.18669608808732804
ck_16c7bf94ed3e7a6f,0.03727811553804992
ck_4a0eae220a762ac5,0.7481085944050053
ck_dc16f939c2f44ad8,0.8767493664173588
ck_817926b449754917,0.3815403907566008
ck_0c0dde42ab64ef87,0.5802551378017633
ck_cb3a40594da6a2ee,0.8033129162869597
ck_d0dc156441fcfdcb,0.746173390129936
ck_66f0945add423e9e,0.16113104436739362
ck_a74f6a3030f5d495,0.718673158826595
ck_1ae460f331e49ae2,0.5126248913693098
ck_2d177b2f4f0b40c9,0.8832679958308988
ck_92e474e4368c4791,0.4866524370401116
ck_3dee83fa2d109484,0.07353768980002057
ck_80e5ea27848069fe,0.24607623198271583
ck_ed0c4a83701ca230,0.6364778799651525
ck_0b8b7c5c581fd161,0.03320400603377609
ck_60bf8a2870956fb1,0.4702541425605485
ck_73a54b56a2bf35fe,0.9623128821546145
ck_2296d7a563424883,0.41800368340120075
ck_bc19c383560c7477,0.5980793739887649
ck_861d8e3d88f1079e,0.7894609027640352
ck_3f090fc96c24eb28,0.2239741978687231
ck_9a6a1f8102febfca,0.7576827691438173
ck_541b6ad5d2fa5a39,0.49021729199344116
ck_a760d38d1bc4de97,0.12242700159372749
ck_7dca4d7ee10b4eeb,0.20716848659597073
ck_15220e78d1545e40,0.4501891512349569
ck_ca24bb0de508efb0,0.15776990805713983
ck_56b389627d8f02c5,0.9875738150632503
ck_48a6754977a44db0,0.2768357607527237
ck_333a43ec339a04cb,0.832035511165572
ck_f22aacaf86a65d7e,0.8777678480981336
ck_04bd8a1ffaf3ffd8,0.09319526738145646
ck_2737a72de6b700f3,0.8522025664876373
ck_c35e03b0dd0c3454,0.4576244043515005
ck_e0571312f395cd94,0.5283102175280744
ck_09fab6b9825001b2,0.07730623977523188
ck_18c3a095606209e8,0.4132165981117803
ck_2a97db9377d01e36,0.31034531548048394
ck_f29dbbfdd2786bd1,0.4110776868228122
ck_35d6c510ad29362e,0.9432638302961799
ck_5468fa99c945d785,0.4302260058021342
ck_6f8102f62c876cc9,0.5467455763109509
ck_91955aab3424ad16,0.2421039737330372
ck_9a43c0c73a39d759,0.6217092223003837
ck_60b023af6d1e30bf,0.9613960778322207
ck_9704c5cf8659cedc,0.6566447397026784
ck_7e5f02b51b9f78bf,0.8487394873602867
ck_7d3a88d1aa649708,0.9515151994312289
ck_8250eddc1ecb07a0,0.7625717132857756
ck_d979ef95ee44023d,0.6779319875689616
ck_5e5461dac83531ac,0.6598021761286964
ck_d1bb8890081e0a31,0.7325251034943593
ck_32246c62640648d9,0.01823165160900041
ck_77a40c7d2f862a32,0.695450662511593
ck_1c8b94efe9238f5b,0.19087204478988265
ck_eaf3b6d11bc3cb11,0.04145407541959157
ck_a4a7ef3ad799c380,0.4141332756932597
ck_d5bd8f68da073cd8,0.43114268872222156
ck_6e6258227fc8db7f,0.04135222405486721
ck_c35d444e05799db6,0.5617179324807623
ck_74665e1209140ae8,0.41769812674450263
ck_353a272478f7e903,0.34935492597066775
ck_a2c9796ea229a4e2,0.24953922429580483
ck_e0171f91cb3411fe,0.4693374657732476
ck_703499f5410280f7,0.05428751934132683
ck_ae3a763997f8f385,0.823887311025226
ck_f7ff94c3df5ac874,0.3126879283558881
ck_f3c16d8f747db046,0.46872635080085345
ck_7ef019ed77276496,0.12792705132226326
ck_d6a4faadab58a3de,0.4740226925492297
ck_ba7b78d31d74c794,0.4332815952285462
ck_36287d063350ce9d,0.3275584289380618
ck_5177fc7137ff26ce,0.12813075341384922
ck_dfd4e79aaa967b63,0.2851876904893863
ck_fb44d15fb93a7157,0.7279417392700327
ck_fca478361870a4ca,0.41851294597294497
ck_e57b94fe57341058,0.6046998067550625
ck_5448c946cc4758fe,0.36931806072373435
ck_c5ece5ffb8800ad4,0.49439324800137147
ck_11cb98211b2ed134,0.9672022349621732
ck_f655399ac75c4450,0.3577068543819216
ck_c817259019588d30,0.4798283019558823
ck_8740a14d8096c6e1,0.4325686204364873
ck_0c5ba86f4e05b38d,0.5928848860385649
ck_ccc917533d4b73d4,0.4582355185935922
ck_9eb80edfa43203de,0.27143756635879357
ck_d1a1cf4cf61d6801,0.6310796811872947
ck_b17c239f160e6017,0.3094286445452093
ck_410c3e13b48e0415,0.14351052165471329
ck_ab553954435e8854,0.9587475666578227
ck_bdbb4230c91e1604,0.6154962737741635
ck_8fd4937eadd64fb6,0.17702007389554067
ck_e0e90b196bef3c11,0.06355612152666115
ck_3dc4d464386f0eb2,0.8754252534287674
ck_51bbbf8f8e8ad005,0.9996944159192672
ck_c05737ab74cf03c6,0.7727570038622877
ck_dceabbe04d99afc2,0.12405664560914047
ck_5b86fd14e85bc9c7,0.929410030544079
ck_d4febf0083800424,0.7496364156700877
ck_77d9f86dcf251739,0.40598504928165297
ck_b4dcebc543deaafb,0.8048407122679622
ck_cb856e75c949b0cc,0.01059269524951389
ck_61b067de8ffc1ca1,0.6508391302048273
ck_c0e8560ccfd9dd9d,0.20869627812023958
ck_173e1198c341087b,0.29598407914683805
ck_b4d55bc809000276,0.5981812446304119
ck_839bf139296b5cea,0.5579493759799636
ck_78cd402a2a4f2e35,0.23303908324182626
ck_c2925c50ebacbdba,0.15614026448847954
ck_5e3bc76eddbdb0a6,0.08555631251884342
ck_b7793edca26fc512,0.5230138765145252
ck_d79bdf04d6f31cd5,0.1792608340554463
ck_4b97d19ed946f503,0.42380928252332295
ck_37139b41c5370523,0.8392672906804115
ck_8c346eeefa9ce692,0.4043554089426682
ck_2ab7eddee2d8c49e,0.20757589598272064
ck_29da59ea3bffb9d8,0.8563785710071588
ck_c1d05ef0ec6e4be7,0.2779561438370935
ck_3882423b449f6291,0.9672022580649909
ck_5647030283171ed5,0.9480517368699036
ck_efbdcd9c181e72ca,0.2800950517382881
ck_192fdad892782daf,0.8636101268111921
ck_0bf2e13b9f2601ac,0.7470900644924222
ck_3d6046a533057795,0.43155009321000837
ck_279a1d3a3836e5cc,0.8399801299911045
ck_c375e929becde422,0.2897710593953035
ck_a59e90219939a1f0,0.1499272465472817
ck_4e9fba1ec54c3ff8,0.30321562605363683
ck_bcbd8588a13f5eef,0.012731603177136301
ck_5f9a7ff990341bdd,0.12864001967855904
ck_e0403d507519b7d2,0.22702976737508523
ck_c9490cb61aff5112,0.5262731645557482
ck_41dd44308e6a665a,0.9061856052069021
ck_76c23726cd7ca947,0.4167814446646346
ck_9be551300209fa83,0.5019303520611031
ck_a98848eec6c9581e,0.603884983608863
ck_61176dafb33b2d8a,0.965674316980303
ck_92de019e05971ce3,0.6769134500018917
ck_5d644224135d7c65,0.36891064730098244
ck_c767fc454fa215d0,0.3015859796955571
ck_5df85a8924e11f27,0.546643716984195
ck_da2729307af06ed5,0.5348287949736599
ck_7c6b577174af7a78,0.5529586178548456
ck_893b8afbe11301e1,0.38154039030340986
ck_e06f6fed020ae014,0.39447569543856875
ck_386680372fb54857,0.16367736156185453
ck_7a7f3c4fe0c9d2ca,0.14982539381291032
ck_f908b527c4db422d,0.7313028698160996
ck_ec2eee6a133e9a6f,0.8321374352125566
ck_d98934f9fe0b02b3,0.15695508585781398
ck_398a1ed77b0130e5,0.23140943535673916
ck_d960af7a55b892b1,0.3578086987092726
ck_4637e54a9f79e2e7,0.08901930460047586
ck_02b9f418524f6650,0.667135592440858
ck_d4b23804cebb045d,0.35903093164624
ck_35b1939c48182a9a,0.4361334660040211
ck_2dcbb71e39d64305,0.609486905828359
ck_47a884dec960ff2d,0.5716995606008206
ck_71fd8c346fde5cca,0.7397566617265071
ck_98e1992ac8e7d2de,0.8424245968624671
ck_ae7780327e210522,0.419327763177599
ck_e6c584b4b1ad6d9d,0.26603936971211223
ck_344b2e326a6c3dcc,0.1856775602132422
ck_9aa899a5230b0963,0.6589873568265416
ck_e48d14d5b70ef5aa,0.6182462560584906
ck_59d380a0973b3951,0.440309429634274
ck_11318f7c041a5ba9,0.46485596017896036
ck_7061786fe2f22f5a,0.6962654838715956
ck_e77529651c416cf7,0.534217690776631
ck_7f79878197340435,0.21042777306307883
ck_b0a0fb0ee9ebf106,0.2562615072241075
ck_70c7679199776a90,0.6160054853384096
ck_b9facd2210daca5c,0.8122759992296363
ck_9949f53c155b8dde,0.34823453770168444
ck_1c607e24f2c4397a,0.7611457791081621
ck_aefd1ce3ce093cbd,0.023426141508159994
ck_5a29b7018e43280c,0.05846348514306873
ck_69eb0b2ccfbe5f95,0.4575225468318993
ck_fe037765aa465c58,0.2869191855317259
ck_5e512ef5362a3dd6,0.20564069400253
ck_544a9e80b7fdc279,0.26929865697725935
ck_7825494e654d5695,0.4600688680653738
ck_f1f2c3c623553f0d,0.02637987082318443
ck_52730906e5b461eb,0.9712766581244926
ck_01e0689157fe9617,0.9408190486907283
ck_9da82e567074da9d,0.6821079412039354
ck_6a17384072f904c0,0.42778154167617716
ck_8d84d771a21942a7,0.10776020740876589
ck_39638880292782a7,0.46241148031545437
ck_7d51c86e0eec72ac,0.4122999233574721
ck_45f4c821c70d134f,0.9308360861369532
ck_0af3c13ba56ce57c,0.13291783608675484
ck_0789a05e061b2784,0.8708417648005045
ck_6ba091eb42ffa9fb,0.8239891047088652
ck_265accb3c5c32620,0.8178779207557363
ck_179039559ff7566c,0.6145795267612488
ck_17c0a6a92b5765cf,0.393457159582095
ck_59371c9140239fd7,0.481559798230211
ck_f9c4f8b4ce2691f0,0.4476428495890585
ck_a2637e4872cf4811,0.9329753996163967
ck_1de43fd6c6c22a5f,0.8485358027304495
ck_6e4f31bd108571f0,0.03259288970102296
ck_da06d97db0b18851,0.15094577198676726
ck_e0346d5081e640e8,0.7496364178709352
ck_c1c7d4e62c9fcded,0.9104636741514138
ck_2595669e421299f6,0.584431107147984
ck_3b6057d51fd4c7d6,0.3061693528169207
ck_c5f8ab515840a0fe,0.46709671139232295
ck_435cb24538c6f77c,0.7344603091147741
ck_d84b5403da4cea7b,0.7097100634170895
ck_c2b61a98d1c8f6dd,0.9551822813592196
ck_c9dcd92b2f836b61,0.8706380521011159
ck_9eb5b3f5f672c2b1,0.13658453179995453
ck_e4cf189a8d31649a,0.13424192594676923
ck_6b114f2a48152b96,0.09380638262969736
ck_3fb95862b70f505c,0.718978681425371
ck_7f780f465c29398e,0.28488213260514483
ck_ee387f9da79e67ea,0.7954702296993552
ck_fa3b1e85d27af2ee,0.7346640311912537
ck_e739eaaa7a1822f2,0.8616749104024515
ck_dfa0ac11fcb1dabd,0.08922301282278945
ck_6e8751b571ea54d1,0.4984673572887714
ck_2d695f8358383092,0.5458289022999714
ck_e7dce27edb700f27,0.33764185175216604
ck_e322da8b213eab52,0.17498302068059424
ck_d0b32e039abb8200,0.23955765507508656
ck_b354003302b272ca,0.4485595073410889
ck_f7485cba392bc294,0.9369481637010113
ck_d6a290ff8362c7b9,0.8573970368895268
ck_c56a44fe315c0389,0.3101416121509889
ck_f77dfe6512eae322,0.480133860538028
ck_35fe969c58b9e70b,0.8423227352540316
ck_4c518637db2322d5,0.8632027194577627
ck_cb61902798ecc4fd,0.8274521348645479
ck_56e6cfa32156a916,0.19739062000292645
ck_343e6ed2b9d35c01,0.3145212852486516
ck_51440f64f7250ad7,0.8156371561112947
ck_295bca29c34cfe2e,0.8516933293442924
ck_dd30558576b45e7b,0.39844795819465034
ck_3a30132a57181fe3,0.793229479611045
ck_4a733aeb833406f4,0.4502909998941523
ck_1b0b7c3d35ab1259,0.7465808058514546
ck_962c3bbf27cd4b80,0.8337670249176233
ck_9528e1d6b1707870,0.8002573261083074
ck_b3263e7f31aab45f,0.6233388947046328
ck_e69195a3c885053d,0.05051896760560282
ck_a907fa8795cd4baf,0.07353768851331127
ck_205c3405045bd835,0.26980792158035294
ck_e81fc223bed3c46a,0.7881368106037534
ck_363751deae40edfb,0.883064372474373
ck_6176baea8cbebbb6,0.3406974341160818
ck_633e6579f5c74a5c,0.9607849594903244
ck_ddc11fc481eef58d,0.677830123593423
ck_e975002c979e12c7,0.807998162156493
ck_8e039b23acaaac00,0.7657292700713658
ck_1d6990d94a4d2ad6,0.7723496287761454
ck_e7b583acaa3171a2,0.838757914708992
ck_c0133f60d39b2fb5,0.4998932958018022
ck_7d6bff85e7a694bc,0.13648268248599313
ck_d305b4d82f63f647,0.1131584051017763
ck_22bd0fc71f95e048,0.8097296644522363
ck_9a65fcfc7916f93f,0.0406392559711028
ck_d61c837b0106085a,0.8034148300238596
ck_be86a1db08dea456,0.5638568399216408
ck_90489c405e6886d8,0.11101949684042817
ck_0add2c321d579d75,0.6372927020436349
ck_482dea6eed92cbbc,0.29639148942734456
ck_c24b47184534cc2c,0.99073129131234
ck_fa04ac31e596e7d6,0.8038221962671236
ck_084322dc5a3a86f0,0.4879765268465277
ck_ccb72a33cc1877b7,0.5810699583935776
ck_afaf374009d3b248,0.47137452294283455
ck_b53084ffede19a8e,0.050722676768662996
ck_4760216154c8cac2,0.9491721080352002
ck_37ad3a65db673e70,0.20727033767241004
ck_0c2932cc0d553694,0.33794742057347726
ck_86b853c52f20fef5,0.29170626149475515
ck_38703b7546d35a80,0.5915607949394699
ck_218b7e6e6dbd2da0,0.1706033471646165
ck_402db4184982fdf5,0.46332815441101755
ck_f917c82af80e4a79,0.8088130066866783
ck_3c6417a233c68c73,0.7864053126319981
ck_98068c397d70dd3a,0.5419584900935479
ck_b1cbd6679c0f8d95,0.3239935836251597
ck_9e962f9bb0e7bac2,0.2868173321650231
ck_b08247c3ad567d92,0.9589514985240558
ck_3ef7a03ebb81cfe3,0.049093032675737704
ck_5d7ae0e3562e99bf,0.7808033921608054
ck_c91a628236baf91b,0.8390633975682502
ck_7f8e816ca51755e3,0.9603773301944957
ck_5aadd286d188f5c3,0.3443641380271722
ck_a037aff5f8128c73,0.23538169305264803
ck_5df6529ce8290906,0.5102822789717272
ck_5f3609511443e5a8,0.30311377418497376
ck_a6f61864fac3c8fb,0.24465029594686613
ck_2733fc6ba23ae46e,0.6589873652099237
ck_22bfb9246646eb41,0.9678133750396551
ck_bfc2a57d8fd1610c,0.9266597040626845
ck_49839e761d0e74e9,0.35974389902684584
ck_aa4ba931dd37481d,0.07700068323875967
ck_2f9fa0d61829f815,0.5738384149840967
ck_5b82c774df10d49b,0.08168591088826449
ck_411219470d0a195c,0.6498206061689483
ck_d07485ba10514a2d,0.9167789700996666
ck_219bef979ee21bdf,0.053167141842412065
ck_eb1006e7285184a6,0.6564410314485131
ck_fd242b18575e3063,0.8578044533838858
ck_95188150ff059c70,0.7551364509763474
ck_a9ca2f447b984a6a,0.5347269454123786
ck_2dd39723c4088b64,0.7306917650790686
ck_aa2b4c662ff213b6,0.5898292978828803
ck_1867b1199c864db5,0.8789901501016736
ck_850ec97a5a0dab9a,0.6798672283342233
ck_562320295fa35875,0.06956543421761713
ck_bab5759b07fe2bea,0.19677950506939437
ck_b9f1465d803e57b2,0.8198131232490036
ck_8f21f2690c32c691,0.8311188472064553
ck_df87d6f61a63eb21,0.30759529731877
ck_770475876d0e7e6a,0.23578910691341395
ck_b4c014d5c0cc9eb2,0.28865067878745504
ck_3add4d23124c9290,0.21806672608122823
ck_bce5b7fecfb6264d,0.8746103765459555
ck_604c17cb97dc89be,0.7038025965816505
ck_e52cbcd9aafd26b2,0.2945581422398497
ck_0ac9114076f5bf3d,0.4139295750287427
ck_dcc125b178b79566,0.014666806220147304
ck_4e333c09f0c37dee,0.5080415370050254
ck_ff7e31ff8ba731e5,0.29303035125342225
ck_8d0532d24f1070d1,0.023833553469250396
ck_3689fa41748a6f6b,0.8332577830076634
ck_7509eb97c1948b16,0.4345038222160983
ck_a9161cf1ca22a6bf,0.23090017191778103
ck_bed3e3db135b782e,0.6741634237219905
ck_9040edd974ef8e3f,0.9418376419834767
ck_fac32d76ed40f683,0.5915607943789982
ck_3d7b1078e2d57c69,0.2795857859205019
ck_dae09c4e074af5dd,0.677931978563666
ck_fd84507228467b40,0.808303717082458
ck_e2a2ce9b8cf44c63,0.350067887758497
ck_cbe716f351d660d4,0.45181879117193424
ck_cba4162ef29a6d27,0.4703559974907469
ck_4f1e962ff8a29732,0.1653070060310237
ck_39a81899dded61e4,0.30433600488597795
ck_25382331551d22a5,0.7035989090040697
ck_6d64e1c07b19856e,0.48593946655729836
ck_165a868bdef28ad3,0.7159230947783601
ck_88774ae52e30e877,0.6324037679524726
ck_fc7a9d0643570053,0.05520419618556062
ck_c2017120b3b88a46,0.5115045126231025
ck_d115ac6b9fd62a7e,0.6169221739783722
ck_439cf7d51ec7de0f,0.4789116291192872
ck_2468a7e9e68a0927,0.32399358365576886
ck_7c418947124dee8f,0.7933313201672884
ck_fb0cf32c4a56f740,0.5296343202667604
ck_694eb6c43193afd4,0.4106702759454416
ck_993beb188dd4abb6,0.3697254881539252
ck_77fa39d3b733c226,0.8664621080424216
ck_49969a9abc47cb69,0.45487438819585463
ck_d3f44bbe2f7e9b2d,0.6672374333667919
ck_fcf5b8216d0c18ef,0.06386168131213564
ck_daefe1e2d2bc362d,0.22132601367085364
ck_9c9287cb28950eb6,0.6250703738432998
ck_c1d1a625b885a975,0.5356436255759537
ck_71b37fe47490b4ba,0.3215491187498201
ck_5d16e257c0635f7e,0.9171863583345785
ck_15918075563eb074,0.11876030366435347
ck_9a15fdefc47e8d11,0.6302648650538243
ck_6f04d047d1dde75e,0.04257445531524096
ck_1af2c0b3b8d202c1,0.4401057245953433
ck_174be2231c5fd2b6,0.07088951959538382
ck_bb0713a2a1d65982,0.4518187955709809
ck_0daec63bd5b0729d,0.5612086648402798
ck_c0b5cc3e8ad2ff44,0.7728589020337434
ck_35bee1fc12664644,0.9055744132826605
ck_a1c7cf63467df4c2,0.1352604504786631
ck_ecb1e15f0b185ceb,0.847211671662191
ck_f280d31f54a4710a,0.5804588459974335
ck_30f4b2ee8abe1342,0.8564804019094637
ck_66bed631354de5b7,0.2663449301501365
ck_c2d3ecd7278eba2c,0.17681636506228163
ck_e901dec0e09eccbb,0.1228344135778261
ck_5d038ecb3c8748a3,0.4303278683881566
ck_283c5bea94b21e80,0.31116013871136405
ck_7956c251b85f009e,0.9511078682148693
ck_9f5f81d771146aa1,0.012527898441100922
ck_9323e6fc1e168eda,0.9643501179834956
ck_10495d3a635b8d69,0.8645269525869881
ck_1982d571cd36eb0c,0.4022164993808843
ck_4f5d7985bcc2eda4,0.14931612578491857
ck_7df526b2b4410bb4,0.604801657523631
ck_dbb498b1a346a402,0.07852847349274512
ck_ef059997563e3330,0.3665680386035563
ck_02ec4e06709e6b82,0.1605199261512561
ck_9782c86ba6485f88,0.09676011199639979
ck_d69de468b44143ca,0.21592782088706866
ck_6430a8792f400e0a,0.3608642786082537
ck_8285bd3c90af94f6,0.6257833421944514
ck_985c9ca112000e9a,0.7207101740278564
ck_e679fbf4f4f4aa07,0.3192065071294318
ck_016e8c8eaf9d511b,0.7955720898918399
ck_bc996c523944644b,0.6374964082527118
ck_5b8315726f6204e0,0.4557910504012608
ck_78181f8e998e442f,0.0634542688246077
ck_71c68dfd011dbbbe,0.9440789356401128
ck_db32c95ce2b6f502,0.9563029879017962
ck_755010362a9b1bc4,0.16143660217656444
ck_114141d85256c9ff,0.02760210347255512
ck_9d1a5cf5a3b87e48,0.5893200336928089
ck_ab640420858ab5c4,0.8700269411496941
ck_97a8dac48dd62488,0.8896848534023198
ck_879cc3166fe1bada,0.04175963628455981
ck_b0ed11080076e381,0.2315112936469016
ck_7334a9ec656263b2,0.26267822900215426
ck_6494f0ef13ce44d9,0.24617808706346447
ck_724e459b9ece38f4,0.7720440547909755
ck_7fd8b1470401695f,0.9285951515539015
ck_292f81186358b0fa,0.25147442652409296
ck_fa7de64d37287615,0.73588624956458
ck_d00e09e66ed6458b,0.9170845935488975
ck_b8d210e741be186e,0.1306770734098701
ck_3db59982cbae4410,0.6589873634049677
ck_69887d0a9aaca6df,0.059685715755543635
ck_4feb21e2fb0b3977,0.36106798508915344
ck_08c6cc1e143475e3,0.25656706827825837
ck_fe6e168cdbb46b9a,0.8257206369785394
ck_07f1734be7fac56a,0.7952665272350294
ck_d66d59981307db93,0.6527743292781405
ck_f928dba0d587d7c1,0.07139877873862777
ck_786448fe3004cbd0,0.05591716380123584
ck_29ea329fa40ace62,0.46292074514352854
ck_7ea52b6f27edcb73,0.5958386430335233
ck_18bc51bbf3ef198e,0.785183077180847
ck_44950df09ff14ded,0.14330681512302032
ck_c1466b52c0a10b93,0.5336065679418621
ck_6cdac067cc4db5c5,0.754117918085016
ck_53f55c6e8cf2d432,0.14116790710102115
ck_95945f48453ca532,0.7739792420930285
ck_87cce4126e215153,0.5045785227979735
ck_1ecd5516c92caa4f,0.09676011366188808
ck_819b482bca14c068,0.9384760663840499
ck_a61a879dd46fc9f2,0.42350372443128453
ck_af70aa32c009c3c9,0.357401285776671
ck_f4fe78e249092ab1,0.6779319766542172
ck_12c46bc52bf45b36,0.6526724761642296
ck_f05f5e4b40afa52f,0.8838792414994014
ck_0f8cb09d3f4fc980,0.8497581320114928
ck_80a64a7f0275a71d,0.3316325396949129
ck_683af7b1540a0b22,0.6952469564875253
ck_51fe0b613c076cbe,0.12273256297711731
ck_da1a2450219dcf19,0.5174119722246825
ck_2a7eba01ceba6c2c,0.8075908422684495
ck_4e329e29dfa743ea,0.9061855944152128
ck_0274d881d6db82c8,0.3468085998314221
ck_0af5b7d128035b35,0.49001357747926705
ck_ae0a7be6b0a0ea68,0.4740226945407042
ck_de5bb7a4d091386d,0.8976296976288979
ck_2bb7c17168a9d17d,0.6131536178771829
ck_0ffdff7b2f5fdfe4,0.4587447897530425
ck_718a8390b3d42d7d,0.25015034399752234
ck_7c4f12d70f184533,0.0356484694618235
ck_d3e2c26b8adff099,0.7046174180823173
ck_ac9d3d9754104cf0,0.16377921806293813
ck_3b1766a1d51f8f0e,0.9099543017970894
ck_a9bf75bea912027b,0.8097296821187913
ck_687eab3ffe1f8cfa,0.6249685180442065
ck_25dd0b02af5b2f37,0.7629791322389592
ck_1747fcc466f0ae38,0.08178776001764547
ck_f6e9d14dfb6f3c28,0.6924969410253689
ck_c6a7bbd0adc4d5f3,0.7078767097472122
ck_46656a23f4456d22,0.9529413739045197
ck_7519260415c2998e,0.6785430924510072
ck_754f30ea19df857c,0.7604328319404489
ck_ba88a244d5f7380f,0.6465613193667821
ck_f268416945316815,0.4603744244028684
ck_21860dd2159dff28,0.18048306331918293
ck_7a86ef4e2beaec38,0.03330585584312901
ck_0414507baeea936a,0.7552383025170375
ck_60796eb60fc3043e,0.19036278045593247
ck_1e0841ed17fe0562,0.622014781927983
ck_0d641d32658d6e0f,0.16164030726724588
ck_b36086ae6d87eec1,0.2954748145462853
ck_962e65ab33b5c311,0.9586457795243951
ck_b046a42684468e63,0.4951062206884527
ck_ab3426435b0017d6,0.5367640064976574
ck_fcfe06e44d09a344,0.5664031573050473
ck_0f6d916c92189516,0.4376612583293532
ck_d4c8f0d957c3965d,0.6219129499994246
ck_2ca83dbd728af019,0.17528857539059545
ck_2857a4ce9f72fbfa,0.03075953852409566
ck_a60e6edc48e3d0ac,0.9228906658707492
ck_0cbd3b27063d4415,0.8789901061109008
ck_612089ec90c37219,0.39070714348065716
ck_ec4e597f17f473c6,0.18333494087553862
ck_1c93cc58f314bf71,0.7740811049774541
ck_2b359a979520276e,0.32165096974658774
ck_1496568ddc3b2d56,0.6660152001819791
ck_41d91dc9f5063566,0.5558104671275882
ck_4c5ff58afe3d7a67,0.08912115789718103
ck_81709736281fa3eb,0.08901930523846217
ck_d89abbab3d4957aa,0.25442816103379484
ck_52453401f88935da,0.4003831583631301
ck_a477654d34783e06,0.10409351082501402
ck_72dd0dbdf808cb00,0.7955720910631963
ck_c183dff3781746cb,0.8266373169962012
ck_c8b7f241810b45e5,0.08942671692813468
ck_f88028c3f306bc70,0.7164323494619541
ck_91d48d69e4f5d9c2,0.4421427783127917
ck_b74b9ba6d7c9aab7,0.8945739853794258
ck_03e904682dc73bba,0.5588660647747146
ck_fc6fed6ea96a004a,0.5205694075391063
ck_51efdd240e34c642,0.594412672755993
ck_e78ab4ff52b5fd2d,0.25340963137125866
ck_4af7b97c24d89a45,0.7163304972507871
ck_295c0072eca7f7a2,0.45517993732479106
ck_8abd1a50a9227463,0.33010474989162547
ck_ecaa6f13304e3dc5,0.06274129935055552
ck_de436e7b319be1fa,0.9940924668731209
ck_c802cf8f61466027,0.20574254426982472
ck_3d83e0a3c1cfbf8b,0.3623920745897673
ck_28d2003c2d16e4b6,0.02230576182681305
ck_8ddaf745bbb9cd62,0.02138908703470439
ck_493b6256091014cd,0.8411005466261771
ck_a2245822cfea997d,0.25015034068789493
ck_f7305b3c64cf8a03,0.848739475869515
ck_9937dad93a0ed3c1,0.22631680027392628
ck_d654449f9231ad76,0.40893878197811157
ck_850e2b59bc535490,0.6777282803848336
ck_e55e5bdfc0242aef,0.649616898476514
ck_d35c51e981b98c5c,0.33937334904698835
ck_27cdf9c5e6f0915b,0.45059656385735924
ck_d328db1e1052d820,0.6008294120736185
ck_0ea30eff5f361cba,0.14391793127903227
ck_9994323f97109f4b,0.9818699408506176
ck_09054e97bdf9624e,0.1611310426861713
ck_723b4afc388113c8,0.21674264265563636
ck_588f6e6a6a6d93e8,0.48186537178904315
ck_e1d563fab4d6116a,0.25015034688687715
ck_53aca610e20598bc,0.49418954263395165
ck_c8131ddc7ed33448,0.49551363679176763
ck_899f88464305824a,0.6343389709955439
ck_1c17c65804f8889e,0.2868173341171073
ck_45a16ce12893cf9b,0.39050343355749245
ck_f9d481aa4f9b2808,0.9386798617059368
ck_1d5d74169cf892ef,0.7186731454040998
ck_aba32acb61c1aaca,0.8227668967932519
ck_ec4dd3675a8d28cc,0.34599378192211233
ck_5dcd443fe0bbdeac,0.04807450563449929
ck_3a47e3f54475e854,0.15522359421002382
ck_a9aa5c344c315532,0.5349306598236245
ck_9652283c9f61fcec,0.14412163493002347
ck_752dd3d2487f78ea,0.4703559977663494
ck_a821980ac4db9943,0.9238074429818315
ck_93e0d6befb67f7a1,0.6295519115042856
ck_e7a3881c3e36bd51,0.8813328422300816
ck_12631b78f8a03df2,0.038602201345115834
ck_57b8226610b48854,0.19199242637528788
ck_352657008983fd4b,0.7790719421400842
ck_0841a5c24fd3dd28,0.6665244617546232
ck_db9b9d5d30f74070,0.775303350126359
ck_a9dded7f6294e44f,0.8116648906848922
ck_91a16336ce3217dc,0.7066544753103535
ck_371bd9388b287677,0.033713269057446496
ck_f285e5e1912a7c62,0.14799203980376413
ck_368b65fca69fc415,0.6754875084941837
ck_d27a73596b6500c2,0.5404307047361498
ck_2d963f9b2c4d11e1,0.7717384994443138
ck_7c500e219af39486,0.16877000021613253
ck_7d025dea5951cba7,0.23955765496573217
ck_32f632706608859e,0.3250121160273162
ck_53816231f3ffb48d,0.23436316913960534
ck_9dbe184e81c1ca8d,0.8839810576421954
ck_d74123617f22a21e,0.2065573686223464
ck_275386782b1606f8,0.20360363615936758
ck_0b0e79d33e50cba5,0.13281598195729252
ck_ba93cb604f792915,0.6658114904974544
ck_a86cd653472eccbc,0.38999417212283854
ck_87771861e0447210,0.8648323732261965
ck_212380e0371d8a6d,0.514458257771629
ck_ef0d702d7b0ed745,0.16927926260939166
ck_2b8f33e22f939372,0.9481536176127721
ck_480347ad92037105,0.3847996893092205
ck_20124c3a16c53ce4,0.4659763335557629
ck_c9e1e3229baae708,0.6454409357813498
ck_b1befe967f7a5ebf,0.8529154770383743
ck_4672167d7c989bbf,0.7540160642866764
ck_f0c44ee5e3a42e3d,0.6465613083039995
ck_c416357d20238a4e,0.317780575946425
ck_d0f470f8078c91df,0.580560718927345
ck_3a70b4ee59084715,0.26481714212720614
ck_179ed66cdfc1ce27,0.2740857395686393
ck_387e5a7f163c7837,0.6329130365913276
ck_08fb463e69f647c8,0.9875738154379813
ck_732f725747393ec8,0.7760163073752075
ck_7cc5e0fa3ca5a713,0.20808516008518899
ck_ad4a4daa826ac68b,0.8678881494830731
ck_472e0be7a3b533bb,0.7514697416240024
ck_7190177963eafdd9,0.5432825765720978
ck_647ac26c5900f082,0.3576049916645379
ck_272ae2179bbd8e58,0.40741099206769527
ck_09b0d8af304646bd,0.05245417012352901
ck_ca0cc8ea9f344408,0.28121543810209126
ck_332ad134fb909869,0.36076242676276415
ck_fca2798914627dc8,0.8287762095484656
ck_4450b55f462ae134,0.21501114659379428
ck_d67d9dfb60b286b9,0.03697255737187944
ck_a9d2bb4f2bde7052,0.2441410305377799
ck_929bcae878a3ecb3,0.9355220100671928
ck_59a9e000fa275e1f,0.41484624489525046
ck_57f17254e2688637,0.47870792718987004
ck_0508908697f60ce3,0.8856107225405596
ck_946afc2943298d26,0.3736977306082051
ck_7176d12b18f2cc0e,0.606023898631792
ck_5c47b49c26cce286,0.7136823248145132
ck_b6a2bdb2d335e1d0,0.9930739317680167
ck_1d58f6caaa4d012c,0.6304685646007777
ck_71c917295020ccc7,0.1867979352297122
ck_bc89644ae3688995,0.4059850529635447
ck_e7c212f16d6df272,0.4456057776804761
ck_c6d2e11a368184e6,0.18201085657414942
ck_eed7f1f7548df15b,0.2916044144655682
ck_75b69034000ca7bb,0.8296928896789454
ck_38da3bf629458682,0.2741875908426655
ck_90114c891239d821,0.07873217788415142
ck_8ee08f6777cc155b,0.7059415052789537
ck_bd86132499defcd0,0.4587447849136135
ck_b95fbf2b5640aa82,0.550106714362788
ck_c530235393360e3b,0.4086332222956873
ck_be52a7ec43241ba4,0.8650362544822687
ck_d96eb3cc55f2772f,0.60704247312901
ck_dd34f0a844fb115d,0.8004610363785196
ck_17cc7b411f448e66,0.663265173293689
ck_856ea65fa27d06dd,0.8360078023823164
ck_056d5f0301c30902,0.8496561622317971
ck_e662b14b2bab23a2,0.8632027211485376
ck_209f574c8d92274e,0.3106508724892252
ck_62720b81617896cc,0.46831893968860966
ck_041614694b77e599,0.29415073345967546
ck_461e3f7b97db8d16,0.7843682488323876
ck_1b74b798eebeabdc,0.3574012856262737
ck_0ed2739384f1d644,0.38143853875660255
ck_5a4d19f1b83feeb8,0.3504752981692142
ck_463937167965a1f8,0.5034581460670859
ck_9d7151dbdf100e0e,0.5117082174715426
ck_20a7d1ce6cc27312,0.15715878629466926
ck_6031211ff118cf0f,0.12456591251213388
ck_a6fc92aa91e99b77,0.9853330065893706
ck_0aaaa9d2f75a0518,0.5913571073266611
ck_ec26e327cc1848b2,0.3438548723733667
ck_0e6bebf8ae9b9b03,0.6579688283433487
ck_e107537a4cb738f4,0.2220389899492668
ck_e8ea56e122a5a487,0.745154876312694
ck_98149ed45d38c4d3,0.5207731232967798
ck_0e719b3a6906b8f1,0.023018731060003753
ck_0c6e7bd357e4a348,0.11152876048796427
ck_d3b2b250da61db19,0.9804439469342753
ck_8bb6b0a292754576,0.882962455178553
ck_87d70f5fe48a6128,0.7975072931817891
ck_ea9edf9c107d429f,0.35546609367399506
ck_059806c52cebe4f1,0.8821476024953229
ck_a72d6df666e1c21c,0.4762634537362794
ck_1d2b80ab6c4944b9,0.30077115834115203
ck_60557f077abc42ca,0.9016019817029488
ck_e5f5cb7dd6ce4a37,0.5734309980656696
ck_4c4a939154446053,0.16479774117227433
ck_50ede3eb561a202c,0.5631438678081037
ck_6d03a542922b2ae8,0.4632263034789007
ck_d6fe761ed0db3270,0.504985948924455
ck_7f0cd6ea3096f985,0.21389076805036686
ck_23edb6d938a3b87b,0.13251042438107713
ck_799aaf9f2b9ef621,0.3245028499460673
ck_f8f6a03613b6dda8,0.2549374234294871
ck_7cffb189f4f514ec,0.976369590639408
ck_c081e1967dcd811f,0.682922766645905
ck_583d6ca78c97d91e,0.911787826410064
ck_9332bbc7125219a7,0.38092927220329525
ck_956b5af6d7d86c65,0.9597663461356102
ck_2d634e3f24681c0f,0.6228296041689104
ck_7b35d218ed0c5a60,0.2939470254389207
ck_ca5b1057f8248f73,0.6316907991890718
ck_ec5ea81cf813597c,0.5977738301526323
ck_eaebaf4d28400fb8,0.5293287705483688
ck_ae2ab6be219219aa,0.18781646055524687
ck_d99a8b4c820eb46b,0.2675671631191031
ck_bcfb7ffb7cd428bd,0.43766125781739035
ck_3dd542c2d31be2c0,0.30270636047707206
ck_c7dd84401e29a7fc,0.03819478784646269
ck_c4bcc7cefd40f8e2,0.10806576640180006
ck_c251898b5d51e3b0,0.520263849957105
ck_36d37be780c1291c,0.14819574437280517
ck_99b4f266b61ae7ee,0.5152730643726675
ck_c37f03995f0f0169,0.050315266559969436
ck_65a23ac8e44eb901,0.28966920844129346
ck_644b1c1149eea9e0,0.4854302047758477
ck_9cf44eb0237c2429,0.23334463843688238
ck_20541686a94fb71c,0.6671356191032899
ck_c18245be844680f3,0.25697448046211624
ck_56de216eda6b7fa6,0.08087108428895544
ck_406c4442dee45cd1,0.09339897342481664
ck_df1585c7d72a96e0,0.09563973475919937
ck_b8e8dba20676d87b,0.4167814502917587
ck_0ee6965e68efc177,0.7058396527511303
ck_c2a5c54ad8d0d297,0.6359686162042806
ck_bf6fb7e6470e95cb,0.010898254494839003
ck_27fa694569140345,0.01324086787515105
ck_e04166b0ce66393a,0.28691918357151547
ck_8742114f4f0cb22c,0.8353966896432721
ck_6eceeafd56b42576,0.8604526566775077
ck_34f9951b0eca1965,0.5427733113854746
ck_384ccecd342a24ad,0.09309341718687411
ck_49c98bebd1338879,0.07649141786926573
ck_6c26c12071c91ff6,0.18598311163228387
ck_01e5986ebb9a78f1,0.6976914823735486
ck_121db7ba3be29ee8,0.6209962627865924
ck_039e6d5a330cea1a,0.7799885685218336
ck_ae8c9163cf957d7e,0.4698467300498243
ck_3f5e8f3f1df0c8c7,0.8512858551806554
ck_b1c51fdafcd80122,0.5458288948797757
ck_12e2b5ebfe8986b2,0.18720534468147473
ck_d55eb81a4d543c59,0.4806431324128486
ck_f85155ca5c312c7b,0.6419779309403759
ck_133d8a1ac7c0e301,0.9909349991272534
ck_04212a9bb9b28696,0.9985740181458891
ck_4cc11c7d3ca61f73,0.1552235873808621
ck_2df4854186ec515b,0.4861431729660515
ck_aa9b28e7fc43af79,0.9492739302098142
ck_47cad6c3def4c9e4,0.162455134104611
ck_fbff7b5da8111567,0.3791977772509779
ck_bd25ea782e375b22,0.7192842334838032
ck_7989376f8cf64a9d,0.37491996880214995
ck_675c0ca1ebb1051c,0.29099329387560213
ck_1436f6e11d4008f9,0.4989766207914892
ck_812cb3a4482cc618,0.45273546811190624
ck_6e606f73a1094afd,0.39192937400693006
ck_1b708e2a4a0584dd,0.5016248091636833
ck_a60d6b324bae0330,0.5752643522307023
ck_706a4f673a9fda3b,0.9410228422135328
ck_a75ece9a9044eed0,0.061417214037213584
ck_9aa45c4e03c8c57a,0.6601077370306437
ck_9fe9bdce982b312c,0.7807017201136806
ck_c6fbdc5ba68a8466,0.46017071746032906
ck_ed0cc1b1c28f9511,0.6654040795920532
ck_a4e2607b4c8021e8,0.023731699830801197
ck_e02f93f51cc8caf3,0.14931612525418764
ck_7084ed3cf20781b7,0.7332380886007175
ck_cd4c63155570d6ea,0.24128915208981813
ck_d1b9e5d32d2d789f,0.25860412277723704
ck_68f56f6560a7a933,0.2351779869113312
ck_8bedacc6233c6269,0.4207537121022117
ck_ab7cb50407d6b13e,0.7381270163553747
ck_f17ed7e0fd687742,0.8167575245415131
ck_b0fe4b92fc70f72c,0.1842516150073333
ck_84d62b8196da2452,0.5266805752703438
ck_9e298cae167f4693,0.1877146087381752
ck_405b20ef9ad0ba5f,0.9196311247584674
ck_813e02e1ababd177,0.5191434688467897
ck_f234ab47061ba7c0,0.04084296040286109
ck_22b587c18363899a,0.38235521908830433
ck_4e862c2f48c38aeb,0.24240953194079878
ck_b89cb90a420c9075,0.3369288889740846
ck_be2251640f27a3c9,0.9023151276246586
ck_46bec0bff167ed3f,0.7309973165958473
ck_c0032232c2868328,0.27642835081316053
ck_030cf09525dba4ba,0.04878747474209781
ck_6ecf56236789fc09,0.9744342999285303
ck_38d4ed52cbe6d123,0.6980988374321468
ck_2d923d957ffd4d53,0.26308564033915643
ck_3af1eb88728ed8c7,0.5262731648032364
ck_2f8120ca80a1592c,0.5139489886942443
ck_6cabb1a133f0b151,0.715311990493514
ck_bb6cf7e7b707731d,0.9602755604550988
ck_c8307fecafa90140,0.5510233910549843
ck_75f968be67f46d24,0.5200601432224681
ck_df6fe4ec5a233213,0.22407604289301453
ck_b53e88c0e927d896,0.013240867358379666
ck_f0093064aa28f4d0,0.43236492726323583
ck_ec9976cabc63ff92,0.18975166469309981
ck_30dac0a58c5590cb,0.8892776831856298
ck_348a525791ae6475,0.8115630278281164
ck_b898d912d1181ef9,0.608366511824081
ck_f5b1200dc6f95760,0.4413279567682103
ck_54978a073e7a0b1a,0.27276165163992877
ck_55933936536a4071,0.25004849422631964
ck_d6ba7ffd2ae08863,0.42187409407604426
ck_404e2217fd87fdd2,0.08565816639749674
ck_dfaafdaefa5716b6,0.7674606687343806
ck_556c62e92d4e7e5b,0.8744066603994924
ck_7ce44f4e06d58111,0.9132138745898506
ck_465cb8ce232c7670,0.23935395394143427
ck_237508ca4fb37268,0.8331559027531785
ck_ba4a6b9aa63964ef,0.5297361566965304
ck_4802a0a7a1882c88,0.9287988545262792
ck_9478dfe4114c30f6,0.2982248381745316
ck_5138f6c575dec64c,0.39355901806039845
ck_aebb42afe430e2e9,0.34904936573202533
ck_004efa95555437e9,0.20064990807536937
ck_11af112667c98394,0.48777281569948616
ck_44e9a18a8645c9d3,0.2650208436369058
ck_2605fd571219e28d,0.02098167620888433
ck_dfc933493561d84f,0.3130953430540132
ck_67674348e68d1f25,0.36931805752349106
ck_dd97429277a2fa00,0.8519988981262155
ck_d3eab7a06eb48348,0.6378019664619209
ck_0b9fcff9667ec05a,0.36351245224261125
ck_fc4bfd6e739bddea,0.14799204115742384
ck_43292f70a03ddf2b,0.7339510444444025
ck_5ff6108056a3fef5,0.28253951540260736
ck_767e0be086b5f601,0.7277380258126611
ck_b8465b1a5666155b,0.6468668794796706
ck_ab2e3fc56f5b3aae,0.7171453526710543
ck_1833c81d693c1e07,0.9569141902310423
ck_0308e0602b856445,0.1708070554116236
ck_ccbdfe744acff8bb,0.49500436273403
ck_b294aa27a0b586d7,0.16214957360940938
ck_a3747201f377626d,0.9771844351541553
ck_edde1d7d1db24725,0.681802387736961
ck_ae3b47d6e1063704,0.5010136786055688
ck_3aabf5e0f4defb41,0.22163157273556008
ck_f034adb57391f3d7,0.7041081556140113
ck_533672fb40531607,0.9154548631281518
ck_2a244f1ae08ef83c,0.6609225570700441
ck_a35d81bcc54ece2f,0.34568822763821033
ck_78a61215675b38f0,0.35566979320628483
ck_e013d88ea7939616,0.4747356662306111
ck_e5018f9418e0102e,0.6631633208285821
ck_d4e024fcda401a31,0.1584828724968225
ck_f736cffbdb82db34,0.006009322295362202
ck_1507f5aa50cdf3a0,0.47168008051566673
ck_18270fee7c8fcee8,0.2316131474262635
ck_95ffa1a805a1c9d1,0.14575128004434226
ck_11132d245b94d045,0.2383354258976876
ck_7b93a622e40d8b14,0.7060434200287313
ck_3854c08d17704347,0.8229705794328773
ck_7717fcb100dc4b5f,0.5431807263588686
ck_ba54e0a1c328119b,0.9438751474238989
ck_a7afdac4ecbf2de4,0.9400041239249398
ck_ecfb771ed2352085,0.3693180610278717
ck_68be4fefc85a6b64,0.9108710377215219
ck_dac7c50bd6d0148f,0.33713259940208123
ck_87cf36a03bd63c24,0.9165755216293635
ck_8adb40b168b59d7c,0.743219683641063
ck_8d2f62930777416b,0.7879331237897794
ck_9958b58da9e3c21c,0.44142981025517414
ck_9440335375701f44,0.3443641371217912
ck_e2f88e202b6f700a,0.5273935436418176
ck_4c7c50684827a2cf,0.22631680539541643
ck_8a6ea4a79b1c7a8e,0.31136384842499226
ck_186dbff4b24a3bbf,0.8624897322282989
ck_220fda3c11c59b6c,0.8146186112395758
ck_3acccc69f8b1fd14,0.7252935607920693
ck_9de191bf79afd676,0.5385973473544338
ck_6de6b1663f9457f4,0.0695654327910301
ck_062754f8b79b86e5,0.06976913939112257
ck_aa153a89a52f7eb5,0.6095887418598578
ck_34a6bd3be642f15c,0.7156175379409889
ck_9371c700d9830326,0.5659957758475558
ck_a99e0c258ad7576b,0.184760882545663
ck_0a7ba51d626e932a,0.7008488676210325
ck_852c50bbba1ead13,0.8710455470993393
ck_43dc13b6b6d31297,0.745358573398215
ck_7d81b59d615a6649,0.44305945396603563
ck_39a3f1da060e88bf,0.6500243112273425
ck_6fb2d142c09ed3ed,0.6248666618056662
ck_6e5752b87324b58c,0.4492724734344365
ck_9441d48a12e8a4bf,0.907306088337058
ck_09e9c51eb538b255,0.5253565114959761
ck_8d0cd981ed3a183a,0.6640799945396388
ck_57c07c45269ca8c0,0.2688912463064876
ck_ccfc9ab888ba933d,0.6228296655532137
ck_9658a6ef471053f0,0.23915024898591095
ck_dac3852758f4ea89,0.036768850972139715
ck_b1ed2278f5f14d82,0.5735328528124471
ck_333544d173524f70,0.846600550906246
ck_fd4582e3853ef23f,0.5828014577331252
ck_614d936cef98db04,0.11906586577797962
ck_6bc351a3d57aac54,0.5365602944583886
ck_af5842fa7202ff25,0.5596808756098381
ck_81307759252571be,0.34976233174309906
ck_b4d2f02d2cd45720,0.9247242079213357
ck_1bd753a4681946c8,0.9813606252548165
ck_46d8c029d46867b2,0.2049277213758113
ck_b7da6640fa2f49cf,0.916880826009297
ck_9ea3d5a5a91fef9f,0.8635083416566877
ck_7b922518f667f76a,0.009370463526760393
ck_2a5b31594206eb30,0.9243169861058835
ck_d9506476ad3f9e08,0.4652633586936736
ck_c8791f7ebd4d93c7,0.6744689825194358
ck_b5a3e20fd210017d,0.40201279852446237
ck_8e54386f4fe22cad,0.49143951528672053
ck_75296704f5806f56,0.3999757407848942
ck_0fbbc7a6af300368,0.24475214856708136
ck_d19bf4dc0627113d,0.1315937546744176
ck_7951bd4eb99a0175,0.04420410016333175
ck_059e4fac6b7f704e,0.40119797122153145
ck_2ce8931af02a2ce3,0.42248520228063785
ck_9e665618a4860306,0.15277912093279103
ck_6fce5a893613fd2c,0.0105926961870969
ck_9e3fbd04e3532f32,0.9297157633303614
ck_55f2ef0de3420e3e,0.831526244641193
ck_8d87658a6f5d204c,0.9361332680681942
ck_6d6ac1f5dd882aa5,0.02872248501280112
ck_55d0c7012d7ef236,0.6859783741401254
ck_7738eb085e5753d6,0.4469298588041064
ck_0e6e05c3cc8c8242,0.4966340074654709
ck_8d27ff8383d48132,0.15990881269646867
ck_9afc3bb849f3a64d,0.3719662345210684
ck_27eb86a9898cdfe3,0.334280712468843
ck_1d40e4fc541abe93,0.9038428835131007
ck_4fd9dc00e1913587,0.9852311554252692
ck_b26cdb2b7b165d2e,0.6227278072720306
ck_a79a27767a02e31f,0.6791542667891489
ck_f0c18cb9f951a71e,0.4294111853293357
ck_50460e0189de6274,0.9757584724364562
ck_5e5280539257c986,0.2132796472008123
ck_eeb854318b3a6f0a,0.3247065577212774
ck_943f66f28dd24750,0.043491127518557014
ck_984dd7452aee372d,0.8342762895991823
ck_ecaa6de0aca5e9a0,0.6886266036500289
ck_8f1cbc432e2774f8,0.792414649029883
ck_d91d9f8445b9769a,0.9512093615984804
ck_73c18e03e3c7612e,0.036972556329868664
ck_aded05ada490da20,0.45355029204046404
ck_f744e208183971f8,0.10154719127740444
ck_02d4cef6358ad3b7,0.2406780419384973
ck_08ff5bd467226a5f,0.033713269040715255
ck_f824b326d5089885,0.8703325159225324
ck_3420f2fd520890f3,0.7560531480011682
ck_1838cf8d00f5b1e1,0.3071878813145472
ck_a85182ad90b6f1e1,0.058361633244639
ck_fecb39c82c43e76d,0.1880201699503862
ck_162513e73782929f,0.7962850724386986
ck_2c27b77c59d8f23b,0.7916000862058278
ck_4221e07b17388fd3,0.8345818660347957
ck_adfb8472d5c3d669,0.5200601458811884
ck_0742fe64055d686f,0.15889028519176782
ck_5060aefcc8b6f958,0.7289602534439245
ck_643f549b4ac78a26,0.9360313341174188
ck_dba767885bd6ad69,0.2152148486630696
ck_0dda35c0c64c7073,0.9874719618878803
ck_38ea56d43afa5660,0.5577456715435455
ck_d813e15ac91f487c,0.8797033028265718
ck_4c840e5585a7b167,0.907815301876935
ck_cb8551453a7bb929,0.3138083194404339
ck_05a00b1dd5a03359,0.1975943263801472
ck_837cc7fd48453a01,0.5086526345283295
ck_49dd816b31fba6b6,0.93929111907934
ck_86a61d9a39768e87,0.6550150922715314
ck_cd0e76f0e7bb38cc,0.6634688812768597
ck_dbe58392635133ca,0.8530173421427671
ck_3caec7dd6f8d02c9,0.7945535941567311
ck_bfd9bfc5b6ab4a54,0.8292855058923067
ck_2103399bdb2898a6,0.3451789607140967
ck_329f7de7279e74c5,0.47096711143299147
ck_9bf0d28119fc42c8,0.5867737307675452
ck_f781539b1042dc83,0.12864002012921477
ck_9986c7d781ac6b4e,0.28590065781309837
ck_a627734880aca848,0.033000298652754737
ck_2106e509d77fdb4a,0.9221776042769891
ck_420d1a9c604293ce,0.45955961122767014
ck_fce0610c527e2b56,0.7090989441898455
ck_073da541ec3f9d3d,0.5486807824645497
ck_aa5f3ab48c17fed8,0.8848976643382398
ck_0fc1086e1c9e04b6,0.36799397498756514
ck_5c33bb46c1a5945b,0.7851830744746267
ck_500948a8d4bd8e13,0.6265981569989904
ck_19becd44f2c3d2b5,0.8353967885075023
ck_7d0fe77dd5ddb656,0.540838109156697
ck_f158d9e5f101bb35,0.5770976980070076
ck_cdd7c77823c2257f,0.803720396431174
ck_6c7b41374f9b2e55,0.3813366824751439
ck_417090dbffb1a63c,0.6911728442985328
ck_dd0e17605f970319,0.21470558560161626
ck_3646515079e6be55,0.602662749091826
ck_89c8b06aa8c84b2d,0.8148223162692254
ck_e4d6dedd97233c07,0.719793498680357
ck_bc82fb1895fddde5,0.16296439641126662
ck_88a8b1d442ca3686,0.6422834939878369
ck_5791f8f76a629a4f,0.874814195123849
ck_9cf5e88e97c8c7ea,0.4945969536044314
ck_58fd684aa5a6f289,0.033509561242316716
ck_9800c21dfbd8e811,0.30341932973900526
ck_8ae64df60ab6ccda,0.751775313623491
ck_e535fb0f0c00418d,0.7735718283691548
ck_48011996d54855ac,0.9361332765466219
ck_ac79c72a8fe3fdef,0.6644874134950991
ck_b8cc2df5192bc49b,0.6177369647806412
ck_e96a5e1f08f8a867,0.18618681656964958
ck_84df6770549e43fa,0.4398001695474883
ck_e5f7b99ba6ec5767,0.5528567383161639
ck_8347455ab53ff620,0.49286545523260533
ck_a84f2cdf695a71d6,0.2851876872027531
ck_90456160115f9ef4,0.14809389578776774
ck_ebd178b3f3a9c50c,0.478911637998423
ck_e1140be6157bacbe,0.04797265273882739
ck_744ffc11d32b96bc,0.2685856880348362
ck_e12a9f7d027e3387,0.22295566161258962
ck_cbe525da0b69f18a,0.49459695329579517
ck_aa59702537557ff1,0.6363760327164499
ck_0348cc6908f7f3af,0.021796498064699518
ck_120e995d50956bee,0.7908868475065687
ck_9fcde1ff46cbbea5,0.1296585466844337
ck_54b0b070689c50d6,0.0249539326452286
ck_966a167758fddfd4,0.7328306709105259
ck_d5194f2e92fd6427,0.3925404878919711
ck_2ee84f3fa27f2cb8,0.19484430041876516
ck_57d0a7eb7eae2eaf,0.7019692473748329
ck_6a2c4edd82e10969,0.052250466746434215
ck_96e4d38ef670eaff,0.5127267451825921
ck_52cc2fd5095b169d,0.3120768111176478
ck_4b088920f3a844c1,0.7706181623121914
ck_8f3ccbd20d59f1f4,0.1875109094540844
ck_e5e5dc431bed6f9d,0.4043554138109468
ck_e8b5bfa6838e28d1,0.5262731630666726
ck_4bfeb78b47b7c6a1,0.8518969601556833
ck_a705c61bd679496f,0.3435493159742391
ck_731869a0c39cb2fe,0.5452177879129112
ck_259eb102342057ea,0.4581336719446028
ck_47a6005fabc33551,0.2653264043248746
ck_682262b455a9edd4,0.046037449674357564
ck_e839d104854945f0,0.3494567759210648
ck_761989aa4c47d746,0.5496993008649966
ck_44211dc210139ed3,0.3580124093990813
ck_9915ceedf63a5289,0.8497580093051036
ck_da59ab47cb6284ad,0.037176261526622074
ck_e5cdbfcca2456652,0.0990008712954523
ck_13f2560c6a1ec62f,0.5929867511632472
ck_a0543e9b3abe1001,0.8732863119836057
ck_11c7a58e09e6547b,0.6440150167617263
ck_69587a134d43a4ad,0.8224614239985323
ck_28dc0de0ae291f37,0.6101998563454696
ck_298922703c5bbe05,0.8092203947944447
ck_fa5ba9ed9ed6a343,0.7473956491789446
ck_c08e64d424e56c05,0.6540984197673149
ck_598e036a28262aeb,0.7517753193642923
ck_3f7c870510083a51,0.40455911000375044
ck_364f8203a3e98d36,0.9394947598677588
ck_7333cedb61506ead,0.3750218148360617
ck_1d96d7fd65f208b2,0.6950432650044301
ck_63133a79f23e2627,0.7875256942114844
ck_901d820e0b72abae,0.053472698966881976
ck_5dd80b3c01457bd8,0.38663302787873677
ck_c0b8067c144ed6c1,0.5322824762278118
ck_cebb8aa8c8f62c60,0.23395575842509625
ck_79749eca42ff1f5f,0.5216897900217536
ck_2cc1d9b587f6da31,0.9066948775937231
ck_ccc7916b56d42195,0.457828105968429
ck_e43e53cc7b8b8e41,0.7996462300036561
ck_4ab74a6e7450416c,0.17213114081896938
ck_6e44024e9de301c6,0.029435454658342904
ck_dd78cb6ae2866cc6,0.4250315228051089
ck_c363d3b050baf3b8,0.6681541058730395
ck_2d46291975f0dd08,0.08901930479620843
ck_76ebeb5aee42f041,0.7246824342965297
ck_8395f004cf4d4c08,0.20136287544899345
ck_de7259c3741db179,0.7167379144645696
ck_3938e92585df2b34,0.5405325540325934
ck_af69bfcf4f07d932,0.3687069441635501
ck_1723900ab9afe374,0.8606563580057692
ck_3d58628d1c853c8a,0.38459597971677817
ck_12a074db100481cf,0.8563787868158402
ck_8716cbf892c50e29,0.47646717071059336
ck_fbf7351958ad9615,0.32185468492543073
ck_a50370907e6b397c,0.8538321608737638
ck_937402a60df0821c,0.05887089686652155
ck_8ce9c5807acbef48,0.3190028006563639
ck_acf7d65eaaa4c31c,0.16551071038344972
ck_ec3eb6dd0967cac5,0.7901738987899902
ck_fc832b0c90c9bdb9,0.9715822488549949
ck_8129e81cde280131,0.34752156988963184
ck_52c0ef68aa2fb8cf,0.27316906660662404
ck_06f042e9b1b662fd,0.7479048969100655
ck_0bf35dcf7b38f650,0.12313997344809338
ck_615763afc2e17a7f,0.058565337384627617
ck_e72db9d4b2fc9997,0.9840089092216394
ck_13757bf0eeb353e2,0.23538169344449905
ck_abaf371ec8249c4a,0.8603507970375801
ck_9b7167da0920c37b,0.8646286714549722
ck_2e824b0b27494a17,0.781516368564037
ck_9a0b605e9c3220c4,0.6719226615570746
ck_a5276af466b681de,0.1014453383191666
ck_9e0383e1fb6e214d,0.8485357840585068
ck_6a27c44b691dbfac,0.0972693806871127
ck_af39767cf583905b,0.36575321157470136
ck_243b1b9fdd3f9a74,0.036768850747935684
ck_c0422e638a9c6046,0.6700893100409975
ck_e0f3ea3373dfc4aa,0.625579637859609
ck_d56ee1654378ffc7,0.6137647049252503
ck_20cd2f5666719baa,0.015583480988238418
ck_4dfa1c1e9b69fcc8,0.6077553905677104
ck_5d22e9ca1d15180b,0.9374573637999594
ck_f4a7ac178fd55f0e,0.16917741092552138
ck_fd5609bd23a1eaf8,0.21338149988593294
ck_49c3bf13dc9471ce,0.6106072735444079
ck_724085c3452d4693,0.8984444915869702
ck_e5d1462846154a75,0.7193861002245774
ck_c69ef0f3e7d6acf9,0.8571933844051215
ck_a2d0417791d4132d,0.35057715382130195
ck_00a07fc2a9183c3a,0.02607431310825375
ck_781b8288e54ba8f8,0.8693141034887263
ck_d74a62ab3804a81b,0.18272382932983025
ck_abcbde211b6267f8,0.6514502463034174
ck_16dbafc035574654,0.21928895821763378
ck_018f780215ecaf38,0.46037442438678944
ck_0b259620eac51618,0.19352021974659014
ck_4f875342394c110f,0.7660347186714316
ck_399e45e5fe9beaee,0.39406828173566044
ck_36224a2d394ebfe4,0.8384522822686723
ck_c189b551bd111332,0.057241252447504117
ck_125c5a720ecb177a,0.7878312529844462
ck_76d010aa02eb477a,0.005601910607924072
ck_1071d14c46c92379,0.9549785653690299
ck_61d244b2cde483af,0.546847428798969
ck_2ff1860da2004c84,0.14126976016092754
ck_c5b583490198672d,0.259826354151885
ck_1294f7af22fade11,0.8734899688198678
ck_e3a22799716df39d,0.2255019761642268
ck_c77e22834ef97005,0.9307342288629988
ck_73d3689728270a2b,0.08168590933497288
ck_295565fbf77ef885,0.13047337004314377
ck_80c0a7f54ff4895d,0.20614995575348868
ck_f1ef5cf7f10b16c8,0.4972451253690313
ck_a958b2461ffc21a2,0.8811290577145438
ck_0e7899a57cd617d6,0.0784266192564728
ck_9d4fed252718f58a,0.5479678029305058
ck_83c2c34add971d76,0.060398685662473625
ck_9ccc030ba2de9fb2,0.5431807229992236
ck_cd691e3466fb3742,0.31187310678953856
ck_49df70f908dfd069,0.8105445772949138
ck_362ce13eec1e33a0,0.22387233439712853
ck_2452a30397dfc54c,0.4854302037382319
ck_a443d49c2b4863b0,0.5584586525299668
ck_c8b2e2cb349dd0ff,0.28793771384721967
ck_354909fecf5da8cf,0.42900377331190076
ck_841f598bbd54c83f,0.6417742448310247
ck_cd6fbd4e8724f994,0.5812736648886817
ck_e0b3158111370118,0.5813755188669575
ck_4c2f2eb657c2c60e,0.22998349797119974
ck_ef346071f0b7654b,0.42941119750855544
ck_f3bc10e3decefce4,0.14381607723129758
ck_189b6fbe9b9192e7,0.5902367118693462
ck_5245cbc5ff4d4fa6,0.46465223952843987
ck_cb42e3be6fe87f60,0.24505770607420704
ck_966d4d713cbc7792,0.09024153787220293
ck_1c8c969667cbaab2,0.9737212335469045
ck_d35e3aa9ef5d405e,0.8468042541221563
ck_a1c39df50a5873b3,0.5818847830814488
ck_a152165caf295b51,0.8350911251242474
ck_891eaedae139828e,0.3934571607073008
ck_1a46b56f4734d52e,0.3659569177479525
ck_5e36042cfad96c99,0.8809253645389742
ck_02a8582c2603e675,0.3018915376230983
ck_6def9d0429e4ed4b,0.6166166042929578
ck_e137400825a1e3e6,0.4418372204312194
ck_d91ab840848a54fc,0.12487146836413535
ck_becb6e1c608e0078,0.1868997892825485
ck_6fd8c86ac719d7eb,0.8859163270253351
ck_3ed4d13f12fd9d0e,0.8225631751726331
ck_007337aa99a4891e,0.031065098314297008
ck_60c3d8306527a08d,0.09411194092106949
ck_95458880a54df0b1,0.9440788133183419
ck_b48cd8593533fc1d,0.9723970871815125
ck_021c6a4a7e3f1f0e,0.02444466961344677
ck_764d40f865e710af,0.31767871719801066
ck_4b84357ae8ec7777,0.316049069332128
ck_3397c7856b4669a5,0.11376951874320317
ck_920bb003b42e6310,0.12976040094541702
ck_8f59f11b512d5b7c,0.7764237177627656
ck_a3acf4b986afa98b,0.8092205125955035
ck_e89d25ed7bdeeaea,0.2998544868862414
ck_70e6bca473bf6902,0.1460568388595178
ck_186161ce152836f5,0.324299159742116
ck_9191579254663f5d,0.1431031081127827
ck_1e6628879e9d653c,0.3735958773113826
ck_b498fa91a0776ff6,0.4531428781979763
ck_cfc2384f22954830,0.794349851470354
ck_17673a1c2867888a,0.06223203485961562
ck_523dce06515b072d,0.3582161125520012
ck_c20638a325ead2e4,0.08107479415243694
ck_d3877e1f907cc148,0.6972840120143647
ck_e9a2495dea8675e2,0.5153749202173569
ck_7e561caa5fa1f3f1,0.6543021230087017
ck_455672e652fe1abc,0.967304130285503
ck_7f8f864fcc90ca82,0.5214860817780644
ck_1ad36046aaeb816c,0.1963720925103716
ck_de056e37c82e8e00,0.5695605949258802
ck_7484c214c889fe7f,0.7725533399176886
ck_32430e678c4f9f53,0.3210398567692287
ck_6276ece8f80ea799,0.5223009092589522
ck_ae8e5dc4b725bc25,0.5697643122552456
ck_f01be92dc78a2dc7,0.3931516043062203
ck_233397a8bd40d38d,0.13026966316816257
ck_f8124911450fdf31,0.9520246607018108
ck_aa0a3179f1111674,0.20217769810381678
ck_2366b29ed9887a5e,0.11825104009826784
ck_1f22f04dfc08cf27,0.27276165442524625
ck_b62276c3426d680c,0.44356871732799824
ck_d099fca88691f66f,0.7485160145832388
ck_166bd1dcbaf4d6fa,0.06029683171871437
ck_7b1660e942436e12,0.5731254467634787
ck_4a9a791a1d409a3d,0.7080804275072049
ck_b003e5b54df65db4,0.6729411907782988
ck_64b4dcbf436f0b75,0.29944707137566706
ck_26e9a7bb2061a58e,0.8225632103560568
ck_08b77ad5f8f73007,0.4200407467229861
ck_366616a725afc6bd,0.574347690527995
ck_934fb5064b6eefe2,0.101954602739576
ck_c6abd5d57b1009d2,0.06457464844895418
ck_edcfa9e1cf29d813,0.6932099102265825
ck_c30201ebd003fdc7,0.39162382435203197
ck_c54643d94d3ce355,0.617431406632089
ck_02adda6e91e49650,0.3582161113841403
ck_5b73d7c5255e58a3,0.8692121173226005
ck_129ffae92dc01408,0.09044524693244341
ck_fa321945ebedb916,0.8142112127013157
ck_8da980cb2e1e2bfb,0.6231351620101212
ck_0576b00d728bdf19,0.6192647720808057
ck_c543d82e22b3c8a5,0.15756620230418494
ck_0027ba644f9ae2cd,0.8871385027191343
ck_8dbf61df902a6bbc,0.12802890901638392
ck_90eeca1cda79fd41,0.08626928217269159
ck_86d7127391d4e01f,0.08525075461239122
ck_73762038c7ff2f6f,0.14463089913693858
ck_a1484e6215fac651,0.9633313672733831
ck_cb83b9f806e90dc6,0.9107691741252558
ck_8c6f059c95872126,0.046954125694437195
ck_3174419a81e7caf2,0.150232800646714
ck_6a0f8f8fa4a3c2bc,0.6300611639015423
ck_b5777605668bfca1,0.13312154340968407
ck_27e4de495abb4d15,0.22641865189258584
ck_7f6fa79c7a107161,0.5760791905549253
ck_c36ed9f8e6792ea4,0.6559317704291608
ck_67a1aa88d2ea554a,0.6618392309775132
ck_09748dfe4df3d540,0.14972354240193889
ck_27fd85b1e38b675a,0.039620726226592254
ck_2369689bd795ee10,0.2582985631922724
ck_4eb1c12f7d092bac,0.0487874748651826
ck_01fbafc42c8e33f5,0.38276262466857
ck_93c4e05699b3b7d0,0.1955572721650336
ck_afc484d1b6907983,0.23090018919613378
ck_1b2d9cae92a1aab1,0.8502672773476051
ck_73b729cb161487f2,0.31350275242762426
ck_fe3c1d0ac090d960,0.8842865353398739
ck_408efac1d3885ff8,0.8539340349674022
ck_ccb4dd9d0a48a76e,0.23894653807479407
ck_2987eab34ca7805d,0.6244592623373505
ck_1dbf1f15193197db,0.7041081889690255
ck_4ed711fe4053e74d,0.8223595145957094
ck_6c54adce174f45f4,0.15420506036945278
ck_a6c740041faf0bd5,0.48237463513027545
ck_b05c4d33c4f43639,0.7120526872091151
ck_032880f1114dd51c,0.6162091712309319
ck_22311b037456a76e,0.06447279381618432
ck_5866b413549765bf,0.24332620656348505
ck_0e808afe2570ecac,0.3805218720666979
ck_634276b05f4381f8,0.22275195214793472
ck_5d8773badd0d4740,0.3561790533080597
ck_82b5b79ce3517102,0.9640445350479728
ck_b378b8d8100ee4b1,0.49867106797503247
ck_54e581f71be5430d,0.09767678782438409
ck_798ba4b8aa544fea,0.09920457777924253
ck_3fe86b6331ff95e3,0.8737958748434667
ck_81275d9d4c559e6f,0.20879812778058618
ck_99a4e5ef02d89493,0.6682559630046456
ck_54e2eb018d947790,0.6519595147977372
ck_966901ea9c77cc02,0.3778736889070027
ck_27d69ff4e0cb428c,0.8317299559500734
ck_2cee2dd7bbfc09a0,0.9656743368785053
ck_4136b00924695ab4,0.0018333584484017257
ck_59a164c40c03a45f,0.6335241484871248
ck_3e24b026bc66789b,0.04878747174788301
ck_8105bcf69a75ee47,0.3136046044788187
ck_7a1782cefe26a456,0.6415705255713032
ck_970c7dc195161272,0.12242700397467113
ck_a48ec0c00ae20e82,0.6582744014850007
ck_54b374ade34e1dc1,0.18109418065280436
ck_74e5dec189761d14,0.1442234894202507
ck_4717f24f2c6f40e1,0.7764237387328902
ck_fc8cd8a8209e802d,0.40822581822550885
ck_71db4131d7efe218,0.2739838915205476
ck_45424ea6f0bc4650,0.9269652784268418
ck_3716c6181a5035bc,0.6456446355739144
ck_26de14b96bdad4f6,0.38011445074254946
ck_99c0a41ac9c73857,0.29679890390584973
ck_645f15bbbcff3b4f,0.9858422635769079
ck_b7e25ddd41514d4c,0.05296343574067421
ck_d5c14e877ca7b755,0.22499271551139702
ck_05ea4440dac6cfad,0.5309583921889064
ck_c58bafff7b1955cc,0.5330972985382867
ck_f0cf85b67a9b840f,0.5916626725280787
ck_ce1500a7f0d03fba,0.37491995877514006
ck_d4972a775aadbbc8,0.39406828146392253
ck_3eb6146c262e0fc3,0.033305858571199116
ck_afb23858a4ef42ed,0.9869626895850843
ck_2c1def5c91c52a5b,0.9127045383333
ck_72e550559487b919,0.2611504371931157
ck_0284dc2b4f856b3a,0.9474404692852614
ck_03be334935e999a2,0.2895673605768605
ck_e35a4b4a3cb4cedf,0.5161897672396137
ck_5abe57dfff4b735c,0.4670967316957644
ck_f5f87f772388efa0,0.6045979524650296
ck_5a22cb36d612236e,0.1873071980656226
ck_8ff1e6028e764472,0.9689338909999513
ck_2ab28149b0986642,0.815840870805439
ck_c88fc1bac79fa6d3,0.7972017827552608
ck_5b137d74bba6b1b4,0.04104666437239901
ck_11f362dca2dfaf5a,0.6566447564401559
ck_7f960541e5174565,0.2405761867259438
ck_d5458ba39ae94498,0.5158841840535263
ck_0a921a73a90c2e39,0.5817829277018155
ck_6ad56ef40086dbe4,0.25086332472591266
ck_b68199ecccf2350c,0.056528280129056155
ck_6dac66c8198c07d8,0.4381705214239098
ck_9b9ce7bebc235fe8,0.28956735942723577
ck_6b817117d87063a8,0.6436075839669069
ck_900d62b3184378c7,0.0901396855675386
ck_eafe9b89857149b5,0.4790134806749934
ck_e74716a525ee5b24,0.12008439022347027
ck_4e9a6f06ab134102,0.47687457082154805
ck_b0d33b5a3716661d,0.2462799397365875
ck_8703543bf3134306,0.4819672163865196
ck_923d6a0f83accef1,0.5134397147962648
ck_52e37e2170532e2a,0.9041483991998527
ck_c1c5ea839c58958a,0.6145795367220581
ck_660f0006780e87e7,0.304234151833901
ck_830b2c5d1818ac07,0.8637119860623825
ck_b080ff636932d1f1,0.02556504925450149
ck_38730aace405f2ae,0.9957221237654917
ck_9790138467a06223,0.022407614288632617
ck_10de0b0d86b17839,0.10460277638163085
ck_c3e37a4d3382c32e,0.045528184948651525
ck_dd8edfefa1eba531,0.02831507323682883
ck_8153cdadd300d234,0.06467649883305998
ck_74d0e7c2c6b63d36,0.9545713080836807
ck_c478aae3031bb328,0.3468086064003849
ck_cf301f2194975866,0.3333640375959628
ck_f4de03f44e3a5bd5,0.33132698260039967
ck_b06ce826e593b210,0.7478030360307005
ck_2fc70b6baf6a0e26,0.11346396333998866
ck_d208494cf5c90047,0.8047388651423025
ck_086d29ccae565e5d,0.1576680522527989
ck_d5ef6dc116dee408,0.48807837435158685
ck_fdf0c5b722d83464,0.4754486315858333
ck_de8494b13adeffb5,0.29781742860329596
ck_556786868599143b,0.5868755700409936
ck_4940e78cbdcfecf3,0.47738383781285443
ck_d32fbbfe32c00416,0.6066350174584193
ck_bc7710f7e9fae649,0.10877873466665433
ck_416f7ac57da081a3,0.3705402905491021
ck_6fb39b60c67d5475,0.09655640763590302
ck_e40a156511345d6a,0.07038025397490562
ck_49ab879b5aa7fccd,0.8180816222761498
ck_bb643194d1cbc47c,0.9907312918157346
ck_b3ce8f1bcedfa043,0.41841110120451985
ck_558ebde8c29132a4,0.5370695602305467
ck_e6222925762273b8,0.8092204073949535
ck_bd80546b4807dd59,0.6601077486970304
ck_bd21164bd2bbb635,0.5281065210707628
ck_ea835557d7043667,0.13587156549815546
ck_1411a80a157ff39c,0.4432631596232219
ck_ab973888c20c9120,0.8546469897318397
ck_95b48972061abe82,0.2963914893976747
ck_fc4a43f8876bf10f,0.905574733199745
ck_f34fb7ccf82f41e5,0.3218546758725057
ck_5af9934a56801ac0,0.43267048031580146
ck_fc7445ec76389a58,0.9387817293169654
ck_1eeacc26f02fbba4,0.8202205510304594
ck_4f325dd15c9bd45c,0.6720245126062275
ck_5009a6c8bbaf15ba,0.6753856688322378
ck_0f3de7f074bb33af,0.3500678918937307
ck_2cbc2f93a32eede8,0.7320158388962549
ck_4bb90a61c21a303b,0.33316033573922155
ck_3ade9eac7d7b0dbf,0.899157450824164
ck_4859a58629622915,0.7098119286110716
ck_5fed957287ebca03,0.07720438664752385
ck_ec01ae5351500355,0.12273256004302262
ck_703b41624ae6a5b6,0.09961199062902641
ck_97c38e7f61c27e47,0.42197593237896236
ck_db2c0908150cb2cc,0.7317103113983096
ck_64ac5e6fed86ab60,0.9790179208442643
ck_da1c853b0a061e83,0.6429964598285864
ck_9a36916b60178ded,0.9641464353276907
ck_3715bfa7fed2c675,0.16092733951224328
ck_dd3feb77d7d4f6d3,0.6554225194876485
ck_982ebb24174a4ade,0.2639004630069691
ck_f6b7a10d47dd9a1f,0.2711320089432044
ck_1f56fe99f250cdf4,0.8112574581287592
ck_deb3ac0606d6f6db,0.5694587449381103
ck_e666629e5a41b39b,0.41871664443573453
ck_756d2c13d02b3e09,0.6096905939314657
ck_7bc752ae7cf5d55f,0.30372488811646836
ck_fc0cc4b25e6a8194,0.2068629250680349
ck_9b2b0e286de78a1b,0.38877193917651154
ck_24b0803447211bf3,0.7275343144677401
ck_82eed68d05a42128,0.7183675761254478
ck_c8a03c516ed5b05c,0.8292854789665413
ck_e914974cee1bccb1,0.33804926764943966
ck_0c533ff2d0f9962a,0.7578864836750585
ck_c12805fa5d970a83,0.7976091472500948
ck_fc2cb29918631f10,0.902824449687221
ck_c20e89afe575549b,0.1968813624879998
ck_e1ff9e31becc27ae,0.8656472464952292
ck_18116d0ac08f1996,0.9758603220572434
ck_885a83975cea5e64,0.18598311338115103
ck_a0c3059a959ba5d1,0.5705791385637832
ck_75257ca7d7da2861,0.6661170500368344
ck_2210f7a0d13bdbef,0.5826996037534803
ck_9cbd9ecf8374f65f,0.2180667256000134
ck_18f67c00ba21fbde,0.28671548349471293
ck_2d28f14d3973d8fb,0.1567513796831336
ck_8b3401b44aaae728,0.11458434378466327
ck_9d8e9ef37797d3af,0.9393928762680259
ck_9f50920c894f64e1,0.42727227618376656
ck_4737e0d56c6fa0a1,0.6655059361468812
ck_52c311f29ca3aca9,0.01853721029245901
ck_6a4981bc721df37a,0.6998303537152194
ck_823539d936c55fc6,0.024546521448900103
ck_df5aedb4118020bf,0.9675078481949285
ck_a911a066ff0f7b56,0.714700850139514
ck_684609767df4a14b,0.8004610304203648
ck_f2350bf355dc919e,0.3811329780322163
ck_8452b6cf97c65a5e,0.5060044645842303
ck_084cd84501012218,0.9436712893499286
ck_ace6b72e5bf3e93b,0.9085286148116116
ck_2afdd69094c955c5,0.6711078399610245
ck_fa7d5be26bf7b31c,0.8708417700497518
ck_4b041217690fca2f,0.6783393959059192
ck_9fb8e3d38cdf276d,0.9634333970806233
ck_c1ee56d65a42f59f,0.5995053329545025
ck_fdeaa1cd085691f0,0.9013982734804299
ck_5de33a7a87e9aa62,0.8511839699634594
ck_7476e7fe1ff45545,0.578523659423244
ck_b0a947b498e47018,0.3832719019986377
ck_e3894ed88a7977e4,0.19453874524518355
ck_c7e07ebfb0bc15f6,0.8331559334726113
ck_3a3daa8b376f2a18,0.12558443999506788
ck_87809324c2675b0a,0.5498011542694848
ck_7eb4f33260f1dcd4,0.43185565561338685
ck_ab9f0e08af030060,0.7238676085796069
ck_5b8fc4a76f340797,0.829591056253964
ck_0e7bf10ef49aa818,0.8654435399975962
ck_a44462a3853ac67e,0.987370107843529
ck_2d14bcd2e0fc043d,0.14931612528121344
ck_df1f2dba802296be,0.9566084992844153
ck_466a7316eaf149b1,0.7835534237401005
ck_50df50af592b0c06,0.5379862323608223
ck_5f9e34c849704b95,0.13627898058829832
ck_7836bf6def26aa87,0.8436468019250496
ck_ba175b1bd8efaabf,0.17518672074109032
ck_1a0aac7f7b94b1be,0.9080190907413926
ck_6768c4b2aa8ce586,0.45548549046374376
ck_eefcf0ed15897898,0.3856145084340225
ck_7a6cb27e390b6ceb,0.3792996326075783
ck_5275be4e1577c1c7,0.22825200477268592
ck_6bc0e5b8c0b7d2bd,0.6286352231289626
ck_4874bdec79f9106c,0.6449316630902233
ck_a678731156ad7bd2,0.9251317855519938
ck_db906debc36a5d1e,0.7348677330659946
ck_e87897767c612942,0.5458288983548365
ck_45ed5ee496ef8a67,0.4780968093783865
ck_ae20e28f9854f3ee,0.789155342861952
ck_9ee044b73943a90b,0.46312446096506404
ck_dab34cf6f0626c9b,0.5747550846137937
ck_64a02b7b96149810,0.03585217427925609
ck_c417d06f3e94685d,0.3994664751621236
ck_3e0149cdee4cb294,0.5246435184374494
ck_0e6046fc30f81705,0.706756336102146
ck_c383aeabd53e9c89,0.5722088049504583
ck_2ef76f1f36e8b869,0.9250299311525895
ck_43948784650bb9ac,0.647274278396491
ck_bdb966f43ac350ee,0.6522650658639461
ck_5bea0e0ee0b094cd,0.5595790206531789
ck_dff090f03ca5529e,0.10511203731668871
ck_a4691b57f837d88e,0.43246676945960605
ck_99ee90946395d74d,0.9461162368440879
ck_cc81dbc83a8879fd,0.21928895893809391
ck_f3dc0725621b3a35,0.15328838112825843
ck_1bb212d1288b9689,0.7862016053925712
ck_9e7278fc7679f002,0.5886070675682895
ck_3ded7a8720d7e311,0.12823260956004928
ck_798157bcdb9453e1,0.12079735769514843
ck_9fba80f56f357fe1,0.3849015299568428
ck_f1e1c8491f16f912,0.2720486812645635
ck_7b1319a5ca2f63c6,0.9827866323311287
ck_124432fd5c92af7e,0.9337902865692679
ck_148cb0c723284dc0,0.4090406333051403
ck_b56c62c950eda009,0.09013968625835622
ck_a0498755cd8d7188,0.046343009604990555
ck_5379452a9d74efae,0.10460277461953404
ck_6c2453229d608183,0.574245820398913
ck_f9d8b4813a88c1e6,0.3309195735483543
ck_c2c7d1e45a521857,0.7246824313304323
ck_4364a83a11743888,0.16989037965059264
ck_2cdf5fd97ba75e06,0.9230944885230921
ck_71bc01291e0533a0,0.4394946107967295
ck_a725d7aed2a0bdc2,0.09777863878336979
ck_a9b0c4dbd7db6a91,0.5916626546636766
ck_a4258806a533efa9,0.5571345670853285
ck_905e460591d9a278,0.8006647400458302
ck_20de8abfd8960ee3,0.6593947777876855
ck_252b0a0f1119b220,0.06498205878323353
ck_95e4bef65c36af1a,0.053167139278985254
ck_5ab68b434ad53fea,0.2571781836314863
ck_13677a1957078827,0.181399741783137
ck_d251e9fa09e542dd,0.9948054410892061
ck_700cb620f300dd47,0.3696236198003984
ck_39a68c55a1bd3ace,0.9088338657025138
ck_61a59a7944d6c53e,0.9356238781511482
ck_db6d1c6d31da967a,0.30464156522026553
ck_650020c500b1b50d,0.3752255190179552
ck_d812eb6930192793,0.0563245764542432
ck_92f6ebc11ebca89b,0.8786845850225862
ck_d87e26eb5bc84b01,0.04247260390854423
ck_66439e697695224c,0.07750994516560318
ck_f21efd504faa654c,0.20370549775269267
ck_15eed0f5652f0352,0.2898729118483998
ck_bcdbf57d98dc0d27,0.6879135615899049
ck_873ceb8004d3a9f7,0.7766274241853941
ck_70bef9ddd4bab005,0.08107478931218089
ck_7560f1891d66f294,0.05174120140486332
ck_f439f16f8693883f,0.5316713595768816
ck_14f9535e53f9c7a6,0.41342030380297495
ck_5984be472d2bc267,0.9067968867803721
ck_ed01be7504dc4187,0.7360899550675212
ck_dc3d8b5c17b67ae9,0.06375982613615197
ck_9dc23031b6b494af,0.748312523043911
ck_fbdac0221bc03f66,0.6944321356862034
ck_863708a99b92ef0d,0.7008488722387162
ck_22b52654776a1ea8,0.9491722601069184
ck_a0714f98001efa0c,0.7292658125087383
ck_9c56114f84e9a541,0.5226064734704248
ck_e155cf506b2fb699,0.4921525053895731
ck_65ed7e72f24731e7,0.13230671821803425
ck_822d6e8e43befc72,0.9322623956113263
ck_b1182471d9ac6b26,0.03289844591267505
ck_821446adc95e6da5,0.33601221259794595
ck_ff182f033134dbb8,0.81859088646689
ck_9c5feef7647b0588,0.4836987063315185
ck_df935d8bdd44883e,0.42411484265808663
ck_01eb24c18ad11fca,0.9056762425067484
ck_00d6730134a1eb51,0.5934960179602012
ck_79ba8e85678d0224,0.6815986816625208
ck_97e3b04a1350f6e4,0.5858570567278116
ck_74e9747954a46eaa,0.5211805366023058
ck_397d5fcc9972f909,0.7174509810221487
ck_9ede89e8a43c3f53,0.8368226434473762
ck_303b33910d67f306,0.10643612389155699
ck_3c17841636f6f7dc,0.6353574990876986
ck_78730527f8ba1438,0.8780734592344989
ck_5ee32bc6bb5d1d4c,0.8880552232810938
ck_a13fee8cd925d0dc,0.41902220522407724
ck_6f847263379f2e43,0.7453585723947017
ck_9b9d9e579e7b55b2,0.8800086586966474
ck_87c1d0a79e79c84b,0.31808612328383773
ck_bfc453eabb472f91,0.43155009355682467
ck_978c21bb5fe3171e,0.6201814305075946
ck_dd882323474431d4,0.7110341550834075
ck_533c4f7400d5ab22,0.8797030931239272
ck_5f217bfe28954e75,0.9874719389715056
ck_ae96d35465b3b4bd,0.30891937954831833
ck_512ebe97c0af94dd,0.6896450641619243
ck_f558fe02bb0219b8,0.2610485860318561
ck_84092e23d5ef4d51,0.7177564468705632
ck_17d3022ca12eacd7,0.3808274211200286
ck_8a8f81bf3558fd9c,0.14880686323769773
ck_0ada6fed1864e7c4,0.37929962829192027
ck_21fe7bc59dcd78fb,0.19148315949044023
ck_e136e20c1c74fe38,0.5228101709472944
ck_e7a530e09d113dd7,0.8259243651858394
ck_7cb0c9ded4d63027,0.5786254903197876
ck_102db9615e722c9e,0.8282669620896232
ck_129e39ddfde92eeb,0.024546520302717877
ck_d730ff21bfd7769d,0.4377631111535576
ck_54459b45d2be8459,0.15002909840953293
ck_7f1c20319eb60aa6,0.9969443631962968
ck_939fede90473e412,0.19311280515295445
ck_e0f9506a6d5f4a1a,0.197594326858463
ck_9a4967cdf49265cd,0.913825070194011
ck_b9eaf03453ac7d5f,0.1967795061980928
ck_522477be6376b450,0.28824326926640303
ck_9b6282e3bad50710,0.5664031567916928
ck_a0e3a2facd508e49,0.7482104620252085
ck_97ffae702f7c3d08,0.12364923706888419
ck_344a95cb7115ec67,0.14218643368321168
ck_1f2760764afa45e8,0.23660392815741305
ck_720cd658d11ea428,0.6467650181890239
ck_04e32ee9834c088d,0.9130104098428923
ck_2bb1389e5e72c8f4,0.6505335713434995
ck_961e7dbc217cfbbc,0.1475846332878435
ck_f3bce4eccfa6d6bb,0.1655107106193546
ck_e0ccfa0d689339be,0.4022164978009993
ck_98217aeafa0bfefd,0.5825977540634808
ck_a02aeec1914c158a,0.5313658014057288
ck_20a17e8f206a14c8,0.8376374602041057
ck_114c32aad4b6183f,0.75534017047869
ck_79f5198f0decef20,0.28315063204904145
ck_2209de229b4c71c5,0.3948831035537286
ck_6ee939b7f396975f,0.2679745751861455
ck_202f0c14b07ace01,0.7245805832397211
ck_fa24db9d416ab904,0.17783489349153675
ck_cf6aa24b92c4d33c,0.8999725082693112
ck_45f57fb8194cefc8,0.46984673410015115
ck_d5eb179dc45394c6,0.5760791848731324
ck_efb24be983342f75,0.6858764960540853
ck_245f5d62ead5ef28,0.38541079398975453
ck_15fe2a47fa7e92ea,0.20991850692107905
ck_b6527a85fd682554,0.561616075837573
ck_11f9390a11ce9ff5,0.7105248829857047
ck_ffb4d892c5158201,0.07934329577899192
ck_d4c1da5a1427fd6a,0.834683736640195
ck_2c041b1efb1c5063,0.3281695494812048
ck_ecc18f40b33be769,0.8212391276393748
ck_0525349f3945375b,0.7997481108355056
ck_0bfe62e0c7eab9c9,0.6787467992080474
ck_b7c37d410b1646c2,0.636172320630653
ck_4b15b0746318cf42,0.8894811662431479
ck_e5ee006ecd8ff661,0.7825349006142517
ck_ccc83cf66365357b,0.7028859307306127
ck_34a33ffe8339f66d,0.9760640081298092
ck_4e39e3b165edab58,0.9612941582245456
ck_1a71f8081ae00190,0.9700542955794746
ck_ed8f1200fc049c40,0.9828884500296942
ck_8a5a57858e8c77f3,0.5038655539139081
ck_fff9fdc2adf5100b,0.9677114334224288
ck_c76f1bf40f3b787b,0.024648374466882228
ck_1a6ddfeef82b1b1a,0.27378018050390657
ck_478d2667aa9896d9,0.5441992821982469
ck_641c8e7694b21f3b,0.39254049056750173
ck_293581d879f6663b,0.9450975546699761
ck_1bfa8abdb22be8f0,0.7388400274231081
ck_05ab5b03d0bf9ce4,0.9054725403953685
ck_35694db37f0cde7a,0.06029683028980747
ck_fe33eb743d714c03,0.4513095363293019
ck_abd10fbcbaf2b038,0.2548355766094143
ck_46d51648c1bf80e5,0.9142323830191195
ck_5c8390017fabfaef,0.40679987217099406
ck_87d55ca333f22072,0.07017655052526786
ck_c39c6a1453e2b92c,0.02678728286977805
ck_69ff1b0aa143a168,0.018333504987878918
ck_e57c79eaab35ded7,0.2517799924787364
ck_463ae759e2b6ad1d,0.45385585679515544
ck_0dae4a7eb587f3ba,0.5984867860755597
ck_9b12fb56529ebc4e,0.5565234435009724
ck_1af547077ba2dd03,0.8436468522436475
ck_de13de941bebc7cf,0.0839266663051972
ck_83dde7da2bf647ac,0.07801921043578879
ck_c80a94d4660041fe,0.7709236546691649
ck_f39cfeb277ef6528,0.0613153617988487
ck_1cec1ed1512a2d3d,0.05764866260122805
ck_7955a359b6448799,0.10052866353787918
ck_8c0955dad13c3ca1,0.256770771530254
ck_6d4cd2de601a2308,0.4137258606781756
ck_f4536ba8dd2d551d,0.5319769191966065
ck_b379c198d6db2d62,0.7594142755702067
ck_76ea90ebc74bcdc7,0.6649966914209288
ck_734f06bd4aa92781,0.5326898907808466
ck_677e1d0c14cbf569,0.21114074473329983
ck_259271c70f3fbcbe,0.7431178229278625
ck_c0b744eb9e7d4eb7,0.5076341088702261
ck_3d41faeb96802f68,0.10541759436718365
ck_8f604fa70fc3c8e3,0.3765496052783906
ck_0b3c3bea0e0ed339,0.518226794837616
ck_be5df076b8a86409,0.048685621017657325
ck_6a475fe324d7d790,0.705228536054387
ck_3ba3fa5387bacee8,0.0006111241252125826
ck_324b9939d9c1c31e,0.1235473815445414
ck_a7fcf7b592f68ca1,0.5866718655737702
ck_5b2728f7cca414ae,0.010796402107049316
ck_5f4a25ffd0b85a47,0.584532958688692
ck_63d4f5076fe4406e,0.15410320403517389
ck_af528d66c86f0cb8,0.11030652966615066
ck_ac7cdb9b8da7b5dd,0.44550392810375933
ck_3bece63711407e25,0.6660152042906989
ck_d4e0b2a12fcfc35e,0.20645551566034687
ck_ee3e7c9d3a9c74b4,0.8310170125557836
ck_50d7c4dab837bf66,0.5241342637530452
ck_ebcb93a2990fc914,0.8290817689667918
ck_2329cc9702cdf7a0,0.7561549940368686
ck_db1fa53d588bf99e,0.26471528618864765
ck_44e57a0bad5a0745,0.5360510392486847
ck_472c81a144f4631b,0.08250072975478796
ck_1658429acd5306ba,0.5580512282405479
ck_466103ec5bd9444b,0.6707004326768777
ck_9757163e25262b74,0.6953488155043692
ck_34ed59bc2c9b0186,0.49408768975658524
ck_b7bd3a7f263f4f29,0.8120722918626125
ck_149662b09d632e41,0.30036374752288447
ck_a9ffd6b3957bd41e,0.15624211386547548
ck_ab80466ef615e85c,0.05591716693789573
ck_f2c824d3473db24c,0.4609855395797009
ck_a4a01fd45936b078,0.6391260639840279
ck_8f6ce158c2902877,0.024240963385796822
ck_5189a302cfa7cefd,0.06304685689697574
ck_430a3d03be588201,0.5346250899350051
ck_b5f9dd00914b4db4,0.31095644066426315
ck_52dec82e9cf6135a,0.19708506574549203
ck_95e444a01e2ab4a5,0.4416335275823684
ck_e37cee7b123692af,0.5979775265606004
ck_d68d42858a55adff,0.6776264265737261
ck_3abfc010091d679d,0.43307788787052115
ck_cee4e4e1b62bf82f,0.5846348096057905
ck_9ccb17c35e636c5e,0.4259482021358655
ck_f72a5a3b0d6c1177,0.03951887348519019
ck_7508aa554fae6afb,0.8904997346023352
ck_003aa842b7ca1d77,0.9420413810418659
ck_83b2b192f41ee2bc,0.8804160853298879
ck_64796b6b2c3c7f06,0.652774334695611
ck_6438ae81d43cb196,0.5055970513917815
ck_2bd73d9098504760,0.7736737234274008
ck_aa8b9b36a099e4c8,0.7213212893870867
ck_e5ece47d0dd10526,0.4001794435540535
ck_16077ac345472e6a,0.4923561912023973
ck_a4d6e152b0076964,0.298428548360921
ck_d90b1d03ae151f62,0.5913570896990142
ck_18b36d342b530af4,0.4356242017939402
ck_2a01e610348b84f8,0.6216073701129193
ck_0a93ed76bf36c8b6,0.5487826408178685
ck_3d56b477fe2370b6,0.8518969674576712
ck_17ab3068fa303682,0.17905712884534375
ck_592a3520d841d11b,0.5949219367812585
ck_84d07028b5fca2f6,0.619672166904731
ck_f4a2bb10afa85743,0.22010378059473779
ck_4fe4b072f03f2c1e,0.1348530383674497
ck_9ad08fcc183ea1e7,0.10877873801887622
ck_130d3848b9dcdb05,0.3051508240820098
ck_bb399ed6bf28c230,0.6415705535595864
ck_a31a64a39a2c4941,0.2140944690574327
ck_c49f25dfb39909cf,0.8547488752533877
ck_55f50a9ae2db8ff7,0.0908526520633593
ck_09faa4e771cf876b,0.22815015594218643
ck_df520a7a6e405889,0.6401445834845226
ck_8c8c98cc694ac900,0.6956543685942065
ck_7f0c4f609673ef62,0.5245416805628701
ck_f51fe59cd445d2cb,0.39396643400719095
ck_b3fb83f0d772a831,0.49561547988589183
ck_d6e7e257751c299b,0.1051120385190574
ck_0d362ddb4a1cb6d4,0.5512271013563682
ck_a574a08edaf81781,0.24077988969163225
ck_a823f5bcb0e4b9df,0.03931516792870075
ck_f792586ad0381eac,0.6068387152226667
ck_54bfd70022c66983,0.15766805030134212
ck_fe0a9372c9372de9,0.16184401438822812
ck_5691cd6fdb6d8147,0.5142545445952124
ck_a95f212a02433d23,0.33580850373578947
ck_f5adad75e1c06731,0.7728588712709344
ck_e09c97520eb0533c,0.6147832500384071
ck_a1e13c0d58560340,0.019861296002110892
ck_cacc2ca410cbe80b,0.6468668760311479
ck_c0dde2a6ef1e08c5,0.14279755094261043
ck_a04403073c90ce38,0.014768659070136747
ck_03d3026107175dae,0.6745708383140848
ck_50176dae5b1b716d,0.366771741825537
ck_6c084bfcb38e96c3,0.6787467990003281
ck_36d2be9012f7909e,0.7452567130299363
ck_958acf84c6137a22,0.616107318718235
ck_114722e12db90a73,0.21969637550985088
ck_203c2a22c0c165ac,0.4451983794938211
ck_2c44ca550e5cfa82,0.5597827247350172
ck_df0a8f20ab8f14f4,0.7217287046279581
ck_826a27ff7555192e,0.49877291591290573
ck_09a988ebcf062297,0.6863857659445262
ck_5c82444b3b9160ae,0.42442040839713213
ck_f6a4a7ed27fe76fc,0.7754052173781593
ck_17de46314b5c6a92,0.3101416125125406
ck_335e63101b1e6c4c,0.8755271454879993
ck_c5eefc0697451de9,0.6433020292846251
ck_49a0efb5d4067b6f,0.9004815837308314
ck_c1f4509c8f5dac5c,0.20187214478783477
ck_57658eda1c59bc52,0.1467698068602743
ck_0d5c0736ec76385a,0.017314977474273695
ck_e0239e6ae30795a7,0.4860413243967276
ck_e4459115cd8e5e4f,0.6337278539340341
ck_bb4aec09d4968dda,0.895694348431558
ck_a1b4c96faed3e0db,0.5863663024169745
ck_8247b79ac67aae7d,0.3895867679498189
ck_fe2fc7d6e5d83f09,0.22499271359474649
ck_f6aea576cde8d592,0.0074352598408180285
ck_b7e7f7d0cd886412,0.8349892639052806
ck_ca7b993e8286af7f,0.19066833922740592
ck_47de038381a9cd65,0.4414298163061807
ck_d38f941d09eec820,0.682107950882783
ck_d9ba2a6c0d926b4d,0.13923270393618667
ck_cda72f597330d0f3,0.06875061109260863
ck_16d2d27fadeeacf7,0.31217866382783344
ck_be05447853d423a9,0.033407708681146606
ck_cd92852d7376a4a8,0.02709284113348653
ck_2faf7ecccc9fec58,0.04593559686266796
ck_db8733fd92f20cd7,0.5434862818845019
ck_a9989a3a94c26634,0.4725967550113846
ck_957fb25437c75e41,0.7955720879646458
ck_e6a6caf6e7de17c2,0.27082644878719236
ck_f7bc569b37e8bdda,0.32409543623541776
ck_703b375dd86a6124,0.6958580812898004
ck_d3cfb3603f2c6ca3,0.7271269004243421
ck_07cb2b6f2a4303e1,0.6591910581465902
ck_31631e2028d4f855,0.47993016713596615
ck_1631bab0ba1256db,0.5094674665248087
ck_5fdafeaec036f016,0.4799301592173316
ck_6eda4c36aecad602,0.16734406577104669
ck_bd1bf9e3e29de281,0.7321176919745493
ck_bf378ea558a4125f,0.936642563449661
ck_7aa2deeda0e57412,0.9913424199025798
ck_d229cf7f5a3f38ca,0.371253261979077
ck_9e109edd124492a5,0.14157531927295117
ck_779491819995625d,0.8529155920909943
ck_b89c6fa2ad0a12f5,0.32531767020616364
ck_1d01b4a609918c4e,0.9681189687633904
ck_714c5d7cb17bc9f2,0.303521182518628
ck_269f1746f2609ed4,0.3545494201213994
ck_4be03a2aa62b93c7,0.08453778629527374
ck_cf920313f6dd28fa,0.517208268362728
ck_fb00aae4e17740c5,0.48685615559741685
ck_085d8c42739e2b10,0.9960276826232742
ck_c72a7d0d03cf3e17,0.878684546890073
ck_8f6ca5d3b17eac6e,0.040231843246899136
ck_d9573100bbff4014,0.9381705892464528
ck_79d6793d1d0cf43c,0.051741201693735715
ck_91fa5032f7aff0f1,0.8866292018934063
ck_87110d84872c0fed,0.4804394187613186
ck_8220da627e9992a5,0.1928072447216631
ck_2ae44938847f3852,0.48573576488327774
ck_b0f191e44f9b6f35,0.7911924052580328
ck_3049d744b527f4d0,0.30963234805541606
ck_47d3e8d1dd3fbcef,0.6335241544602982
ck_ddf787359d2b5deb,0.03564846968222497
ck_b27a9e39726b26d9,0.0737413943788843
ck_80c4e9274cf976b6,0.9864534215931822
ck_c6afa913168ce8fa,0.33254922748691884
ck_52427b3f8478db19,0.5460325996953054
ck_3b810f15ca0eaa55,0.2608448817110647
ck_0c9e420f97baaa06,0.9577291395518469
ck_f8540cf3a8b2f8c9,0.7025804321071338
ck_1402d24dd623df72,0.3878552613603133
ck_eb4f4267e24d042c,0.20574254882652873
ck_6f661b428d6fb8e4,0.6282278380697974
ck_519a26ecf3d29c90,0.17488116645411672
ck_e886ba71d4a6fd73,0.7225435231246911
ck_437f9ecd2016a1a8,0.2288631176853583
ck_f01af1b0c977cc06,0.2712338623362725
ck_614f777c2eb5d537,0.06854690546866507
ck_b804e784cde9af8b,0.4140314169557111
ck_c2dccbc1b24b137b,0.8793975197516939
ck_1df4a1781a0f6999,0.5135415695922738
ck_bd2cdd53fca26171,0.2671597497209389
ck_424c254249a109f0,0.5297361567961998
ck_cf2ca4f286e289ba,0.7625717190961082
ck_6c33cb15b0d8af54,0.6784412428474805
ck_311d395fa9b8550a,0.3934571636919762
ck_9f792e7e721ff7f1,0.06488020566092889
ck_4c37586080edb7fd,0.04104666479417742
ck_7c4f42c5397113b0,0.2015665823218231
ck_fc418f53ce4aa579,0.9683227099718784
ck_1ba28fb7ef726ce2,0.4539577180809263
ck_d932f98bf6b83956,0.8153316250573799
ck_248b3659a9239240,0.6544039773315432
ck_6a92cf5f4cf5de38,0.6448298114622028
ck_65519d0fb137e0c5,0.33611406426679813
ck_ddc3fc99eaba2064,0.7125619404864065
ck_7310cda3bc65a73f,0.2991415132975639
ck_c01c85bd631d4054,0.3424289316354995
ck_b4954d16b9749829,0.6116258156066453
ck_f301f6758e170d66,0.6204869897153042
ck_9bf95f8c47e7c7b4,0.27113200650795966
ck_c91b7fccf6aeb4a5,0.7258028142729342
ck_785fa45e86bc5e95,0.30016004155698717
ck_2a65f1cc23f1180e,0.03676885056039173
ck_a49a2c1f881a3560,0.24505770450783748
ck_def344d68f06d749,0.460985544939335
ck_abbd1465fc730d78,0.2341594595827688
ck_07a5610ed28162fb,0.4171888585412691
ck_7ecdee2d7127be8b,0.4044572658899528
ck_67858bc00e81490d,0.006009322537028892
ck_b4ad165ace910222,0.2897710622425088
ck_30753ffe481a1b8c,0.9245206143532197
ck_c401a26725b17177,0.0355466182209049
ck_819988d8a7f26415,0.14982538967455888
ck_3364a1d9261b3638,0.08250072931952405
ck_c484c5bda389bf20,0.0804636723022538
ck_ae416325fef92c9d,0.9717859458283121
ck_5517b9a865960542,0.17579783758518505
ck_a0e96fed380440b2,0.4434668694899681
ck_e83409471d2b0b44,0.515069371347215
ck_127273af97d7827d,0.18007565270465922
ck_aaa9861c91bd14dd,0.27795614211181724
ck_a378c58294001a36,0.9730082805122329
ck_abb9d65ff1f95b64,0.8226651157782896
ck_a5ecbefa849ae569,0.5052914926964953
ck_aa9953c0ca2bed7b,0.025666901570248982
ck_40bc6de252865f32,0.14126975925528296
ck_9fb11688dcfe1513,0.23660392814176723
ck_ba68841ca2ba073d,0.7260065202057002
ck_1d3e561a7d20be0a,0.9833977695436785
ck_99a92d710a29c1d0,0.49683771433132323
ck_ede2e887697ffac0,0.04125037229795801
ck_e6de67c0d82a7b83,0.6748763938868744
ck_6b38763bf5ddbcef,0.5761810232960459
ck_8dd44eead7d765a5,0.505087787691082
ck_30bf5b0056eea9e9,0.8902960596016097
ck_2981d16f8a51a8ed,0.5686439469982527
ck_fc60f42c68c7024f,0.8237854193876567
ck_8e2b2251ee224aa4,0.379401483826837
ck_1906f0dfaf6e9bad,0.9309380879371576
ck_dcbe6814fc4ca0b4,0.7872201447010279
ck_f7e958a286ae3b57,0.2376224590257369
ck_713649668a7ca824,0.5836162948315917
ck_6f73cdbf9305e2ea,0.525356490391503
ck_dd1c490050cd9051,0.46078183416924373
ck_e30db36e376606f7,0.8822494505764876
ck_740d8fe8028b5a2e,0.2983267004063374
ck_ebbc9418cd41f692,0.07313028087206294
ck_7b3cc6cc3f250f39,0.4019109383625097
ck_1d30eef7110809e5,0.9184087539622222
ck_77e0589ab339ca66,0.2742894482352253
ck_15ccbf8ff7d14086,0.2590115296432294
ck_246989b0c288664f,0.8062666652775929
ck_fc2a6e27b10b10e9,0.04481521589358506
ck_8afc1112c12f5402,0.20126102275006028
ck_a76e8d83b9141364,0.7479048906722526
ck_51d3e8dd7465c015,0.27734502406203615
ck_e7b4016909405981,0.06325056336462948
ck_e7a3cfb9bf908e80,0.5439955449197216
ck_2bb49dc2388cdc1e,0.12334367639596454
ck_94f4266ee7871345,0.3336695970171227
ck_b2c896beec146477,0.5337084362509537
ck_fcf5d4a4748cdd53,0.17864971410245997
ck_fd0483639811f62e,0.8802123655660348
ck_9a21d183524734aa,0.815229743553437
ck_1df4b46c0a4c317d,0.5729217345218847
ck_638df9e8a22dfe0b,0.496328449907692
ck_65acc43a6dc3e65d,0.1969832151854787
ck_7c67b73196e3d0d9,0.32124356636937146
ck_b0ee3a98175b462d,0.17600154745640775
ck_20fad010969f1abf,0.133630804544613
ck_54b087bd873af8b8,0.5174119759704077
ck_8007824431fa803b,0.2227519573441761
ck_23aab322810b9fec,0.42391113766324556
ck_c8001bdb9aafc8a6,0.3417159663109153
ck_3a34c3ac83cf84b3,0.2513725795367107
ck_60187ac2c473a662,0.9769807775554489
ck_6a0ccd7357979f0f,0.7625717391490949
ck_27f20337bef5ffe0,0.7511641863318794
ck_f9fc468915afe49c,0.6736541702805076
ck_1eabc15a94bd9009,0.33366959659125084
ck_26896c494b2768ef,0.40873507541291654
ck_348c874eaf0354f4,0.8246002903900723
ck_be9c46acd216b45d,0.5964497286654323
ck_a3cce46d15cc20a2,0.8531191768183682
ck_70804f60d9704128,0.7708218023722215
ck_a019151ca8e7527a,0.7320158478557329
ck_571133b2aa8ead51,0.6152924960883899
ck_0afa4449f20d5196,0.2750024165748643
ck_4d503c41cf4e5034,0.501421088575197
ck_d6fb9cc5171e3e9b,0.9592569304154634
ck_05ed92a7c3e10e5d,0.5365602938535504
ck_bfb067986660afe3,0.6925987910570466
ck_c1a31690c8573226,0.3587253714682979
ck_cb88ef3dc1f42225,0.1661218268899092
ck_21e3b3bd998745e5,0.7393492476137153
ck_cf52e46fa54e4540,0.0623338888706176
ck_b72c7ac4208052ab,0.8284706539576264
ck_e6465c56b337e6c2,0.36259578016449023
ck_5f87eb05d18186c0,0.39539236278325335
ck_263f6c5ff26b5e98,0.2304927657452665
ck_e0b7e2c0bbe228d9,0.07700068260210376
ck_b657ae3c146cb7bd,0.16153845521665083
ck_abac514d8167ea58,0.6279222747618879
ck_024dcab126876002,0.5490881939550688
ck_5d8481e2b38bd99d,0.4169851474752744
ck_edf229c17d25dac1,0.9116859381988954
ck_6cb7c97b72d6b5d3,0.3346881226922276
ck_c96ae2c28086a059,0.7961832051531623
ck_2f241b97c0f8389e,0.815535333654417
ck_9158bdbb63ee8987,0.27388203209445366
ck_e7b40b60786c1530,0.18812202111054757
ck_66d38518f68e6194,0.018129799476398936
ck_8c9b57ad2a991416,0.4976525793283326
ck_cc91bd7152d3e9ba,0.5481715116099877
ck_0d846660c7957a88,0.26247452985443276
ck_60896cdac2212bea,0.8026000004267083
ck_dc4db8b932df49de,0.9076115734947691
ck_2dc31db181150e20,0.334484417359387
ck_2f138fce1171e277,0.4604762854759667
ck_68b8b859a6ef505b,0.5553012087716461
ck_c3fe0c6c5e1f40f6,0.21236297384198807
ck_15886fe84866de92,0.6303667242202474
ck_ea269b35406473e8,0.09380638206303095
ck_3ce7cad1f69b71d6,0.5923756497741707
ck_054ed4288ee58d6e,0.6669318734154913
ck_3d4913a86f207fee,0.8412023457934767
ck_23ff85f9d2355e8d,0.49215248622918784
ck_d87ab3261322216a,0.008148230451595052
ck_fac046ce336fe39d,0.1305752218454811
ck_beb97e498e6cf8e8,0.6961636476236831
ck_1f517e0ebf397b51,0.39172566824656463
ck_0af57ebaa45877a1,0.3920312331183863
ck_f99bc1732ce5e999,0.7164323489872046
ck_abb056a9deab275a,0.6527743445293839
ck_0bfc394c5faa65cb,0.6863857638579556
ck_ddc865af1dd5670e,0.43918904877593345
ck_68b5542459638b56,0.6294500361736027
ck_0b1d84252c0b46c2,0.2572800394476357
ck_520ec32c4f253604,0.6606169996363696
ck_79ffcfee599d77c7,0.5530604434625964
ck_eb224c0fd146253f,0.7012562734889126
ck_0e477084434da450,0.3921330786917867
ck_07840bba5570785b,0.532282489786654
ck_6b67fe8e310ab865,0.39773497765749627
ck_e2a1068c2fa22525,0.670089310051015
ck_b9c6b32f6bd92a3c,0.17233484450293407
ck_c1e7d1021ae58f00,0.020268707055341607
ck_5d7801201749ffde,0.5968571571868334
ck_c8806749e263f70b,0.00712970290449673
ck_c9eeab826781dc91,0.5578475303311696
ck_309a432c160a17b3,0.34232708667011336
ck_b22e3337b8e3dbb2,0.346299336688694
ck_79c30169c71b8033,0.968526415564968
ck_5a6593d954085775,0.1027694235048725
ck_70b9b79ea1aacba8,0.6120332105051987
ck_63743141ffa11f45,0.3559753524226019
ck_dfd3dbd0d97a642b,0.32704917066049183
ck_635646a661f05b4a,0.5740421147828593
ck_4b123d6931b6d0d7,0.9012964572749836
ck_f2b0e7a47f442557,0.9507002834171828
ck_1b1df006b81d38ba,0.3978368313821192
ck_360237c1bd30f4bd,0.350475303152811
ck_5e84bca0e362da20,0.5453196368001406
ck_142dba210ed2f3b5,0.7392474073483545
ck_a3564236069e3524,0.8635082749528257
ck_cf36d8b070ded782,0.4951062154804911
ck_ddd6625c5eddad70,0.03931517047569915
ck_ad54292a0b2f44ef,0.5301435678903528
ck_45cd5ef6b359e9b4,0.28243766285154526
ck_982c2392238b7be3,0.925844741927435
ck_083e4ac78685c3bb,0.4978562446043803
ck_729cc0b46cc2e546,0.9008890036065966
ck_f2b8995fe5402759,0.159093992750536
ck_73e24f5a8da289b3,0.6655059332742186
ck_bd85f30c36f5998d,0.7959795066004334
ck_ee4ff3aeadf912c1,0.19056648632650122
ck_63d2978706e193d2,0.8419152937153523
ck_6a0684436a1e66c3,0.9460143141102757
ck_182dc4a2f5a366da,0.06559317624054663
ck_e6fecb82fc2a82de,0.410568431939455
ck_cfb06f07394dfe64,0.03911146498852678
ck_7bbe1dc8add17ef0,0.4636337128258566
ck_5cacad76e02c8e3d,0.9656743619822925
ck_ca68dec0c7df5a12,0.28111357885100446
ck_e4c0fc52c82065d3,0.38194780358472746
ck_f9197b070416f443,0.27113200706932195
ck_2a07c7021b71cf65,0.5036618582441216
ck_4fa85cebf707de2c,0.11376952144718117
ck_0063d2a9507467e5,0.30922493613458185
ck_ec986285fff05b7d,0.08209331832761028
ck_279d43303708109b,0.2792802336427391
ck_a406bf11e48cf8c5,0.8224613230691102
ck_064b2aa3f0bfdb6e,0.5617179351980706
ck_95790440bc4bd2d0,0.3963090392328535
ck_70066eea13b4c34f,0.4994858912183401
ck_19468fe07e26f992,0.979425362795516
ck_86bfe328e0a533b9,0.9541636564431277
ck_ace3b96c977a7560,0.9099543290954646
ck_642344e5c652d8df,0.5188379192233098
ck_074be35c951ae10a,0.5570327000263863
ck_f14dce41036486a3,0.9914442734615605
ck_5cf67a3a747e684d,0.9165752466029442
ck_f7285b92648c1c81,0.09003783214452368
ck_bef3193f124fca5c,0.891925821590712
ck_05c4dcbb45de1f8d,0.12894557918439956
ck_d7c28eaa05bb7144,0.4586429271206065
ck_320df984791a1b99,0.09166747770621496
ck_f45bad1606fa00a7,0.3068823209716065
ck_6f81c199e986d9fc,0.27693761460941774
ck_d0c9633fed57c344,0.6771171541507065
ck_a3c25d6cc7478068,0.336012208636828
ck_4185506d12cf9fa0,0.0195557375687017
ck_7a02ee1bfba7353b,0.6320982111479401
ck_1b52590757c0fbeb,0.6578669762096577
ck_a0e5656e1cf9cbf5,0.15929769424738394
ck_ace21f6daef94f6e,0.36453098152299307
ck_646d8d0834782d6a,0.8968147884550277
ck_1f136a4476b5e775,0.6284315069644764
ck_325c7643cce02da3,0.7428122463512006
ck_9b5e7fe28208f5d1,0.22489085953317525
ck_05d81b1a150f31c5,0.1487050122907541
ck_0e9ec486bff403c5,0.45477255247637866
ck_ee13c091bc379188,0.5627364809010614
ck_f7a7f8f5903617c5,0.5464400172596274
ck_96c3a3517153390e,0.43918905471144315
ck_538dad7f096458ad,0.3178824223330465
ck_8758fc6622bbb7df,0.7441363529239102
ck_f7e53af3c91fec64,0.4687263523027147
ck_80b50fad7f255e1d,0.23028906736478688
ck_9645e7adc08631b5,0.49775438806423455
ck_e007aedbf37d6ec7,0.4659763254812768
ck_2951d76c41de2569,0.7110341507812933
ck_9439bff87e616d4a,0.4340964301304149
ck_a73045e96af0e4fe,0.540226997972674
ck_7b382e533e2e925a,0.6917839637391467
ck_730226c2d216cacc,0.3854108171319289
ck_bdf837d761a7cec2,0.9440789640746643
ck_0b34197335ba3341,0.648394680785891
ck_49170c4b31a20f5c,0.10164904164853127
ck_cd553ba6589d8bfd,0.5049859347370237
ck_56b992c6f136fa5e,0.455587353657689
ck_8beae3d7328fa41a,0.6082646546798787
ck_1a065ea906ae3d6a,0.2322242627155102
ck_e9e3381d5e0e5051,0.16846443971198186
ck_a6d4f998dadc90c2,0.9498851765760332
ck_d36733da917115a6,0.7907849907511834
ck_e738e920bbd74a7d,0.7119508290827395
ck_af65eb885a51048d,0.04583374584840679
ck_73f4eb09af29b1c0,0.7116452669402334
ck_8fc641b1750a2542,0.871962228031913
ck_41b954c7a948c060,0.18435347012101103
ck_25fc3010e8a0f6d7,0.26165971013117617
ck_a2624e0387974e0e,0.5770977114560406
ck_5cb9d7b2329d5ab6,0.6940247342259068
ck_6c83aa1d100a7cd8,0.7555438578681565
ck_67025c64588abd1e,0.27765058457651703
ck_f5dde68f6f0468e1,0.13414006732832448
ck_46bfb2cfc29a6d2e,0.3688087980284913
ck_49dddb894d33f6db,0.7142934706705276
ck_f738b633b8862d18,0.005296353222177493
ck_3d6c3c00d854f5a4,0.8745086500327739
ck_cdb8061d8d1a6c5f,0.358216107639874
ck_5e1b81848718bdc3,0.5745514012774865
ck_8def763034187436,0.5043748212292078
ck_8f8e4fb9c6190272,0.30382673836335167
ck_368b968b5f33431e,0.1340382164198168
ck_ba7e347251ea399b,0.5966534359218976
ck_9075432001a64e75,0.37980889246714356
ck_73c5371635aca173,0.9649613032119836
ck_81793387b38047cc,0.15318653056896397
ck_0cf220816e320ac5,0.213075944338034
ck_820219bb9c761b52,0.9277801652217236
ck_70a932ab39d86a24,0.02739839938012815
ck_2c4be237a7ed79c7,0.19046463573296796
ck_acc764b49ef02826,0.9022131284920297
ck_74c3c3452e4e7cce,0.10154719177928308
ck_34dfb57e5bf31d2f,0.5119119748522177
ck_6ec39903f765956d,0.7045155942778655
ck_5986119e7d81e831,0.44214278167233334
ck_2ddfc948b8eac752,0.9033335714893079
ck_921ff5ceaf40a968,0.7119508247206543
ck_fb3b68b4424b5f92,0.7351732843272185
ck_c3db1b3ad4f16679,0.42075370409275836
ck_124a197be41687f5,0.6225240549524396
ck_c58d9151834f5bad,0.6020516424079625
ck_389607982eb6b701,0.9511077097168099
ck_fb0c138c003e933a,0.04145407799074508
ck_50d0bb7edd8c69c0,0.7848775155761148
ck_c6cb651149dc9a8a,0.14585313454401003
ck_81e21354e477eceb,0.6813949839502521
ck_7696e38b3e4197b0,0.2567707696256295
ck_586001d3ed9e7fbc,0.004481531158735038
ck_bba413492dc46f2a,0.41403143120521135
ck_95b894380ad2702a,0.8483320586148719
ck_277621473369614f,0.9946017319183946
ck_a50621b5eeca84b4,0.015583480597264063
ck_bfa7ba218b988cde,0.647579834938873
ck_5ea89567dfe78e4b,0.47942089096215107
ck_6c679602a6476ab2,0.465059651891953
ck_d3885e286b3b11d2,0.8270447638153788
ck_cdcf6671b37c9c92,0.5042729670522549
ck_b5c93e6d34f8d366,0.20370549129891657
ck_c24f61925dc158d5,0.8880552214826484
ck_cd09375e6c81d2c4,0.4402075783024287
ck_a95afc7a00303a26,0.5258657510607222
ck_8e89ca8b39f3f8ad,0.17009408655725072
ck_9a84b396aada3fa8,0.7162286481455038
ck_5124a2e415384945,0.6666263164008094
ck_d66bb1f063357f99,0.15960325456170157
ck_0fd9312411b0ac55,0.5938015609986038
ck_ad8cbe6e27e47ede,0.5773014041705669
ck_8398adeaf41f9cae,0.3969201632141362
ck_dcf851e7bb5855d0,0.12334367673379149
ck_9affb0f26776b642,0.09034339140121407
ck_f0424b3b36bdbef0,0.8366189308841685
ck_66746d1090d6d9e9,0.04817635737007026
ck_e5f8c8a5824db594,0.5617179283528152
ck_3e91dcc209431984,0.7192842478754276
ck_126a82e8d42e5ce6,0.1552235854881816
ck_38e4a74ab256e2eb,0.4592540659222689
ck_1225a97fc413a419,0.6626540545488789
ck_9b5ec0f78e160e65,0.31441943119604465
ck_7c5529bcc079600b,0.5376806737159477
ck_29640fc2fe81c251,0.3477252828095007
ck_160e9ba0a3f7c1fd,0.2179648780848759
ck_bff090cb4ab76b9f,0.42350374364912385
ck_aa06ed358e43db69,0.8543414287389001
ck_7264486eb512d84a,0.3497623336102679
ck_f5a32e6160b28379,0.23039091284968208
ck_4ba8bec14c2217e1,0.5838199871689362
ck_610815786d729d2f,0.5470511660812507
ck_e267999226b6321b,0.014055689458283902
ck_f3996a3c8eea1ea0,0.4955136316704067
ck_e9b75ed7567a3f23,0.6551169469837319
ck_d21612d48bb4f7b8,0.45742069266694335
ck_1f871df76c6a995b,0.866666022707869
ck_953bd5de48ccd70f,0.9497835579195305
ck_02a9104419a6dbaf,0.3611698395487611
ck_1eeeee651e05d535,0.8415078888566225
ck_e2ab04136a442a98,0.29547482024858684
ck_f0d806624ef3d359,0.4343001161976052
ck_4b68b38c1b3326a3,0.17396449211137538
ck_74e60495f8861156,0.5160878906672502
ck_398f3f4cf05c721b,0.09482491231444781
ck_f761b7650a0c1a85,0.5262731819171605
ck_7dadef33f5e2d94f,0.9908331483719472
ck_6ff6883633b8c7ba,0.06885246443709551
ck_4d2159603045109e,0.3889756411910307
ck_a38bd07a5fac5c9a,0.15654767351165036
ck_f517f06551e69507,0.23660392502072383
ck_a7ea00a1760ad561,0.9917498368217819
ck_31fc51d5a3dfe16a,0.5339121288500631
ck_bac5233623b25ca4,0.3862256197715515
ck_385188ab27784fe3,0.872878867320941
ck_9947a323bab5cacd,0.7682755311886539
ck_7973edc9f22ee7b6,0.5917645272529858
ck_f97c477986043755,0.12130662272552861
ck_1a3fd2cc4b4de196,0.3867348788846489
ck_e18ac29ea62cb435,0.8166556759072537
ck_9720a472a3e0140c,0.13373265603483883
ck_668c7fc7d7e47c0e,0.7521827502212244
ck_214af0806470ef48,0.45517993546786006
ck_a46c1773f01f0be7,0.8565822366280605
ck_f2bdcfb4203ffdee,0.821137228604792
ck_40e84e6ffe788a4c,0.5149675081749059
ck_dfc6f5712d8d6678,0.9185106435268082
ck_01ef1036b2e66a4b,0.5020322047047712
ck_3acfec10eec32f9c,0.622116686524061
ck_084a85145c15ed77,0.35342902868024967
ck_fcdb4fe2f095fba1,0.8284710297779095
ck_023908db0a193076,0.8613693717504244
ck_fec0ff92fd622253,0.5970608468587257
ck_c009c97d5fafbced,0.8825551536170523
ck_eb9f0c06ee017ee5,0.3039285910734705
ck_d7792b429620fc24,0.2739838851359582
ck_5e9e149a3b69c726,0.5510234001229704
ck_ce927322ef8f651c,0.5545882342233235
ck_b8fd61a8e82bce32,0.9822773412369501
ck_9aafc33fba1474cb,0.36677174887071035
ck_ce81ff9b8b35562f,0.47045784902477084
ck_25bfca1d8eaa152d,0.6695800797427558
ck_170c65860e2a7e23,0.30973420274161545
ck_952da7ca9f33decb,0.31890095159104515
ck_1ebd574406235957,0.4963284507915243
ck_589109a188adc2c1,0.09401008924288506
ck_f0cbd5383bb07778,0.6808857091057839
ck_242521e261148fba,0.1887331373104639
ck_509cece86a558de4,0.2263168028572013
ck_0dd7c5925d28755c,0.2819283991047465
ck_a7e669cf1c3985aa,0.573430997898802
ck_acb84dc2351eeb76,0.13668638945128325
ck_b837c7dac2a9b931,0.46923561458920604
ck_18eb1f9181f95df4,0.18282568591436793
ck_b0b9047dddb1ec84,0.9465235007383457
ck_43aa136bdb0a2832,0.9254373630795865
ck_3e47f8c56c811700,0.4030313227775919
ck_77c587d24695ea15,0.598792352200458
ck_20578ac693ea4e93,0.4999951490412526
ck_b9f6040eebd1605f,0.6879135532483365
ck_ca9d86f65cfdf018,0.2697060705366181
ck_a4fa8833995c716a,0.2955766689884005
ck_f589f1e29301b5fd,0.3520030899239235
ck_961ddb8ff55d868e,0.03707440773185117
ck_5662492a54e6688b,0.6908672932007648
ck_ad48826c1c26eb78,0.9504966190395029
ck_621c9ddde6bf2eca,0.6484965112036625
ck_417a3500b2c717b3,0.7658310430804129
ck_c7e129058beb3ac1,0.6424871960133909
ck_ec1c902b9b9b9c5f,0.914130520294953
ck_317360ec0a67d27e,0.8727770100048367
ck_3e3ea5d8c4a229dc,0.8517951241018415
ck_d11d27de7bf0b973,0.9177978234131839
ck_d37d56e931105db0,0.3466049051673427
ck_4863077723cd6ce1,0.052250465123384465
ck_479a065d5903e9c3,0.13638082936406554
ck_e66ae4fd586fedea,0.1370937964208503
ck_192bbfd0d5720134,0.691478405981878
ck_3b436cb29af99f3d,0.46292075023543866
ck_7c7ca54969eed187,0.7138860328469323
ck_826ee896c9f1144d,0.947745982609628
ck_ba1f6dd43fc8a0b1,0.2943544341476539
ck_49685deb63e4e8f8,0.24098359466270888
ck_687ab5d5554bfa79,0.5805606942793574
ck_41346ccd9242cc8f,0.09940828300775083
ck_8f8e5e2b9dfec3d1,0.651042835141612
ck_94d5ce61a0c50465,0.321141720359756
ck_6b954c75aad8c012,0.6777282709211249
ck_748af92828c9d288,0.094213794150328
ck_dddd14091ce812c2,0.3976331359281067
ck_723323f6870fab59,0.5392084647901073
ck_dbdf8d0708cc6718,0.44122610962662695
ck_f04938570a154de3,0.27021533706957984
ck_58afa1550b3b5294,0.4544669653566449
ck_3b150afde386ecff,0.7599235335515626
ck_666b95e75d99ec4e,0.9688320215800303
ck_e00332597cf1eb24,0.6432001697792643
ck_9a9e3dac79280d7f,0.7040063010935417
ck_e8d37262e859d9a1,0.487976522744323
ck_895bb39d24bc1c4c,0.1894461043932753
ck_b367449195e36499,0.35342903209549875
ck_d23f9a50d1135ce1,0.8329521866112566
ck_670dc4910cf476c2,0.05113008566242823
ck_3ecd8a5ce65e21ca,0.3482345438107469
ck_8584fea2df4c6317,0.7573772316030206
ck_0789ff4562202b20,0.5831070178613975
ck_749e0e50c3907be8,0.1738626349932822
ck_c3ff6790cc6d7e34,0.309123089252326
ck_75fb7e56432ee4b2,0.2629837872586455
ck_529fc3170fd11abd,0.6745708336103182
ck_34a69b3b4a681796,0.9103617179130821
ck_255f0e5888ae9e23,0.7250898510145224
ck_65be698386474170,0.051130088530712096
ck_5eec9ed855c26000,0.18557570016967964
ck_5ab39bdc9610f6f3,0.9507000348094632
ck_1b5b75762f033462,0.4688282081769841
ck_d3e208671cf37f91,0.9614977073716727
ck_5068ee554ceff971,0.8021925369619182
ck_d7d50fb57fcb2d0e,0.1153991631240963
ck_ba6e1115fceaa067,0.7729607271014718
ck_d07bfb16a4a7dac0,0.9564049017454221
ck_ead68310311690c8,0.9546725171343353
ck_ee53ce862bc9c111,0.4221796375938206
ck_97e56e6037024dff,0.018231651869681176
ck_80b04344c98ec072,0.7549327403848938
ck_5954f45a2ab45f43,0.7573772828716974
ck_18ddf7e836256e3b,0.3676884136176739
ck_89a1a780144d808b,0.649922456137295
ck_a7331e8b808c39aa,0.7823311915825213
ck_a1fd0ad03ff9b776,0.6282278069301425
ck_c0cf50eef030b401,0.012018634579831752
ck_074f20921189e7d6,0.27765058276083715
ck_e2aa7be60794593d,0.8784808480410473
ck_72771757dfb7f7a8,0.4819672182769943
ck_a9cd84a6dddfe584,0.5535697077049296
ck_142c00f9f8557504,0.7020711105310485
ck_221b5d40358230f4,0.8382485780867358
ck_a2d7a563f520b7ea,0.3693180606452391
ck_66cd34bc568d95e0,0.513439713374206
ck_a17128972d3e507d,0.7232565025796032
ck_bda299466bb2136e,0.7362936601836074
ck_2b699066665abe8a,0.6470705720325035
ck_0ac9848bd4ba0c14,0.028315072848738253
ck_98d2f9a6ba3a3077,0.9517189964988864
ck_a872df31b28a5f7f,0.8804161630245358
ck_7e73e1d44ce82ed9,0.350271599336639
ck_1a415416f620d49d,0.2560578047173394
ck_c95c786d2f8b8edc,0.3826607762583047
ck_e45012f22b7f91d5,0.12171403237474947
ck_aa0b083e2a6813eb,0.5828014555396225
ck_4666232ddbf77756,0.4315500931870987
ck_e08e9c8ec5f23d8b,0.46872635054510897
ck_31d4c0518e5f52c6,0.11173246665792932
ck_c1ab40638f04cb02,0.3432437552376443
ck_4c1fdd1669c7cf51,0.14778833678624925
ck_11662cc7940ffc82,0.8039240371833087
ck_2e679af24adedac8,0.1683625904275703
ck_454b9e21b7f25a4c,0.17977009658806004
ck_355c4f29089731e8,0.970563614206792
ck_507e40760a24d2d5,0.6039868526066697
ck_0943e0f305078e34,0.996333252485749
ck_abc54ed7111e9ed1,0.13801047314672163
ck_a60fe02fc04407a9,0.6846542624315889
ck_244b897bb4d57c1f,0.29190996894554
ck_8c84fcde93a04334,0.9040465369752074
ck_9eea37d2de633b27,0.19321466312503452
ck_b2cb9e6610eca967,0.3944756959081824
ck_09aadb4c41b166f1,0.8996667241734461
ck_8d94fbb4828ef326,0.20197399880967695
ck_089e3a07abbe3b8f,0.22285380510492336
ck_dfee9de05e3971cf,0.2616597039698707
ck_6abf8302ce052451,0.8788882578258683
ck_6ffa90143838a4a2,0.16510330262278647
ck_325caeab5c7a9c3a,0.24729846812205517
ck_1964ee9db929a173,0.9519227702881885
ck_942b95988a6245a6,0.8522025242799982
ck_913ecdeeb8e21a9c,0.4613929537092069
ck_ecf9794349eb4b3b,0.6742652752946442
ck_b6cb8d6ae828eed1,0.7232565560122102
ck_2f82ea66c4f53b33,0.8513877183814789
ck_6e676daa4855b58f,0.8452764572669276
ck_2a37fef48b44e9c8,0.6885246719257831
ck_3bd12d468fdc2450,0.5474585524925626
ck_1a28b6a40a6bd3b4,0.8825550457246684
ck_61b79dec96d15713,0.11478805025726822
ck_31d5e3daced93d3c,0.39223492964690465
ck_e6c8611c0cf233d7,0.19983508693274146
ck_f04761b4a937ac3b,0.4333834500007846
ck_38c1c75cf055031b,0.6851635375492909
ck_59a561f3df01441a,0.6771171641990523
ck_04e40f556a5062ef,0.5256620477418874
ck_8409716d174635b6,0.3857163566748374
ck_3019afee83342701,0.6890339435591923
ck_b51a58e7f032c9a8,0.6494131887021394
ck_5043e474f848346d,0.5571345532825848
ck_4388abce33ecd01b,0.9270673011724131
ck_c93def7392f0aff5,0.8240909584879171
ck_72e7b1acc19df820,0.3138083160776111
ck_f253130dc3ca5b3c,0.22957609087953648
ck_eb264d1b180d4b4c,0.7843682509327902
ck_c2504f5a113433ee,0.20584440498056697
ck_c16ab1e4dafb4910,0.8889718661602619
ck_4bc42878fa180991,0.6929043515182172
ck_1c771a7c78f6622c,0.5798477235114945
ck_d523f0e50a2747ad,0.2578911491778007
ck_9060f4e7ab7a1b0c,0.34884565491046693
ck_6b55ec4e87a5e22c,0.8338688745899012
ck_55fc62a5f89a7251,0.6227277508032995
ck_bd2545c62f258231,0.705228541707948
ck_1ccdc69d0bb712b4,0.5915607944025004
ck_710f867a3bd5898c,0.20564069403236054
ck_f91d48c40337d375,0.2681782780684471
ck_f76d929541ed41dd,0.8110537664604772
ck_e26a6659c237b650,0.7365992183808471
ck_184983177b73dea5,0.37441069821414774
ck_6d0d081bfa8a0022,0.5550974977217995
ck_2f6e64f638da0f97,0.1510476241062102
ck_15b93103ccd38609,0.28325248624280114
ck_094d10439b7b4eac,0.1817052982772565
ck_d2ca47180a926ba2,0.516699003924197
ck_a69ca7b9d70972bb,0.22977979137387666
ck_68914e67343a7d32,0.2403724769744404
ck_8176616132458c0f,0.463531858617981
ck_eee99af3598311b8,0.795062868456788
ck_94410eedfca91304,0.7257009662090953
ck_cfb11a0a2325bff5,0.15858472565553014
ck_75217ee144b715f8,0.8633045754859402
ck_d56fc799542299b8,0.02587060819631581
ck_4c352dd3e7c81269,0.7026822177626519
ck_e23e50e02cb3904d,0.6889320836458717
ck_b921af37d500e139,0.37756813389856675
ck_82181b935360dcbc,0.9857404324293593
ck_22a7cf3b99c5e5fd,0.5746532318477561
ck_f67ee7910d532216,0.5526530305847837
ck_5f48762a14a0326f,0.1101028220701594
ck_1757fcb0e6e3f88e,0.8937590854608644
ck_2c2f080ba185016e,0.7644050724513904
ck_4c25570eb72711b8,0.257585591106352
ck_a3be871ca22ac416,0.40710543105318486
ck_ab70961e7c6695b2,0.3723736410361637
ck_a1cdebfc42a52448,0.18842758198176657
ck_f1b80b821a20186d,0.7982202767543346
ck_ae668e4564cd2aa1,0.18914054658012902
ck_0e2bc3a5afa439d8,0.6217092227651917
ck_3dc378f37d0b74b8,0.5390047606230687
ck_9f9555197480d1cd,0.37064216563034547
ck_bf4e7d48770a4a8b,0.8846939553439304
ck_614ef655f0685060,0.1327141289984594
ck_04d2ea38ee27770f,0.07924144218591643
ck_e03a9d8ac94161d5,0.10898244128185651
ck_d4007b5b26d9d854,0.07150063349635224
ck_2dd147ce6d61749f,0.5351343558447889
ck_ff45764ea7d6619f,0.6245611086642529
ck_dbc487cb0a6c18da,0.9709710803423113
ck_791d5392bbd80447,0.3663643327893704
ck_b4068439c413b150,0.5643661252747134
ck_85df7b7de9700aba,0.026889135680293885
ck_001e42551cd06e40,0.23293722635790454
ck_a6c02ae50932cd9d,0.1713163202799393
ck_9fd0be2c018ff5e4,0.37267921957604594
ck_32a495128395fde5,0.4028276256686808
ck_b6f2a2fd232c141b,0.6514502786088204
ck_28dde633692904b0,0.842017148331498
ck_a1a93c5f375f6021,0.09828790459991195
ck_e3982142336782df,0.5698661604093278
ck_a9812ff3c111ea94,0.706960034286684
ck_f04062216f95fa00,0.6438113145834479
ck_7c560467daca735f,0.0008148298882509534
ck_76ee10d6e2dba70f,0.7120526908210973
ck_3521243bdac61178,0.34487339756773594
ck_28588fb03b320520,0.8228687247143284
ck_580dcec33ec232b8,0.392947897953288
ck_7109923fd7dab20a,0.35607720516619706
ck_7c872c99481c1e9e,0.5733291467588464
ck_46f4e1f5026f4d1b,0.0007129772038076972
ck_00d1ebc31ec4653c,0.5472548611091403
ck_aac70764dde15168,0.6925988008297178
ck_648c03f9aa4e45f1,0.6951451422539237
ck_5478eb69ef912785,0.8837773860585668
ck_79b8523137bb2603,0.8445634937553513
ck_795c49f312640019,0.00662043914557094
ck_89184bf7b7fe41cd,0.9078152616714176
ck_97d4bd922996fa10,0.5922737677525975
ck_1cef30d08f3a598d,0.06783393410041369
ck_2f9fd36a4a40a6a8,0.061722771864870296
ck_40780fc0f8d6f309,0.538088085051009
ck_9083ca9fec2a7f4c,0.33305848135950883
ck_62081bc35aa59931,0.6353575006494017
ck_2e1b46c5fc56b863,0.8035166395394607
ck_3d139692c51b604a,0.7878312519845783
ck_b5e54e22e3d6960a,0.3971238704363523
ck_c0c4be3f44311b04,0.3700310263746528
ck_82a8bdd2692c2a5e,0.1375012090706694
ck_bdd2da300b530c5a,0.5938015588021021
ck_ee40498cd97183d3,0.21490929522096466
ck_70b9274473bd6dfe,0.11051023140678107
ck_473d6314ea614b29,0.29221552529502215
ck_7443d6dca8cd1352,0.15990881208123783
ck_3b49768b448b071e,0.5376806731456522
ck_b43f04431c267dea,0.10551944970937709
ck_4424a5223ba2fe00,0.4086332236262772
ck_819bf3e8231f4081,0.52739354369128
ck_91d417507a8c58cb,0.8984444441746255
ck_e88e86b19cada4aa,0.5586623547127824
ck_59684167f9c6bf4c,0.774692210699163
ck_d5f5b0dc97b9dc27,0.6003201548519328
ck_13d1b192bbff8f32,0.4359297678495731
ck_b21d8630387cabce,0.19178872516478374
ck_e4ac22046699b99f,0.3565864687190247
ck_74b848064f2ff45d,0.15950140052034875
ck_166aa980cc87fa77,0.7898683175930558
ck_98e337806104dd88,0.07598215273346196
ck_66eb09be007f0755,0.5073285498566041
ck_3ec9b9d8dd7be11c,0.6262926056017847
ck_8b8b9de339d75d0b,0.5480696554735094
ck_6715139e240007d9,0.23894654458046322
ck_a0255ab46e122d2f,0.03198177100036687
ck_66e81a4190c33510,0.4975506836594036
ck_5d75ea4f5c9080bc,0.961192248638182
ck_df69858b8a8b3165,0.567523547492292
ck_e15252ebd7553422,0.2239741871093985
ck_34d6d74bb3ed11e5,0.10276942667802404
ck_c2608f78f6851d10,0.8935553759728628
ck_bb99071e8f58c8a4,0.9399022751159942
ck_06010f0df5b7cef8,0.6627559465787293
ck_8c582eb0f6c0148c,0.20869627407106636
ck_0034d010d28aea78,0.6258851890732468
ck_01c1f06692566ca1,0.42584634310009384
ck_4807726e797fb893,0.5358473292303079
ck_edc9668282e3c8cb,0.5621253418955422
ck_5486768475af7bb5,0.9633315348451112
ck_3fb9813849e51837,0.48329131397943004
ck_861af5a9a9a6d619,0.15685323056037537
ck_da39653add0f1109,0.02831507338757707
ck_74a4244eb1f162e4,0.03289844479529735
ck_9a930faade55b8ea,0.09553788050128745
ck_fb6e06ca88519dcd,0.38245706508735966
ck_9776cd8263a9f415,0.2401687773447635
ck_b3dd1198ac5aea73,0.6245611123390685
ck_b6675a04df1a4276,0.14524201879715068
ck_5c7ad6e731b69333,0.9024168720019031
ck_28dc0fdbaec00580,0.8781753193669622
ck_8e7a32f7e3905f4e,0.38530894955140277
ck_8563fed6674afc77,0.34354931416070433
ck_9a2fcccb82da663e,0.6207925566184297
ck_6a519bdac0d94527,0.2046221665304935
ck_a0dab7aa9c4a39a9,0.18924240234476314
ck_a3ce05e9e5e32142,0.721117582253019
ck_7a7e40ee3f97c035,0.7893590733811036
ck_9e9a830785112a73,0.7606365069035248
ck_ab1bb02f6b189304,0.9327716624792364
ck_7b8cb0f90fbdc8c6,0.38958675498565
ck_b138fc249e659e60,0.4309389778365461
ck_e73caa3771ec5e0f,0.26685419232277524
ck_18a55b06ccccd88b,0.6231351619710538
ck_fdcb1d9265d8fec1,0.869212115016545
ck_e21a900556b382ad,0.6051072161665509
ck_c6bf67470f526771,0.611625795403462
ck_b568ba3837afb39a,0.021796498289546593
ck_a2858979dd5645ef,0.06386167708072348
ck_1da9d40837ebaa57,0.5854496298305384
ck_9341c7959543c542,0.0412503722722417
ck_c8ad86806b9a2369,0.7980165790762592
ck_5c85d93ecfed4b0e,0.33468812862798797
ck_f07b09879d697b82,0.33835482907431547
ck_fe43da07608b1749,0.5373751158393959
ck_4bca22b5926b9c28,0.20584439838444957
ck_aba573aa942b1d41,0.5421621965588016
ck_57c14e32fa4683bf,0.12466776435818076
ck_891530b489ce402b,0.24077988796449742
ck_5e74fdadb93ff293,0.7203027618642674
ck_14436a409ebcc90f,0.4140314237827273
ck_00013fdfa0bd37dd,0.39763312527495304
ck_7dbe24ba01316775,0.7220342594760829
ck_0e3f80c1553c591b,0.6016442267904514
ck_3edc45db58760d76,0.17915898005764833
ck_29076a13f539187a,0.9241131731031584
ck_b1e81b58b9a545ce,0.8385541267671704
ck_3f8571d4f7420b2a,0.7049229933116888
ck_7dff6abe4bd644dd,0.9311417250613088
ck_2884bab237af16b7,0.3532253221975026
ck_231e6dd1fe708000,0.16357551109263357
ck_33ecaa7b892e73df,0.4149480961712234
ck_b109ec4c63503030,0.31370645728998847
ck_a7f522382509cef1,0.2323261121896111
ck_748b3ea941d8b3b9,0.5735328693798383
ck_29f3a1737a2d9634,0.5934960134597138
ck_cee8d42475a0f020,0.09441750117637311
ck_c6b6ebe145a8ffab,0.16601997404590624
ck_21c99e1d6b881894,0.05194490932635904
ck_5ad798286384484e,0.4584392239746003
ck_b621b6ffcc7f4848,0.11030653142603526
ck_ea819e337233475c,0.9342996339567871
ck_9e3896c2668ce06b,0.7416919266851453
ck_501dcf1ead036d2b,0.2844747178236993
ck_8d5eda29a2cffa3c,0.2904840301045141
ck_4d3aa36ff83f1132,0.9423470109413639
ck_8e9faf94e3e6c757,0.030657686310086363
ck_ce0ec41f96951048,0.5502085642868063
ck_f09165d73ee903b1,0.3473178649274511
ck_a432b1bf1d3b3d5e,0.9296138436985447
ck_ea618f720ff0b4b0,0.222242689576341
ck_7584e7bd755cb28a,0.4256426359328719
ck_e14681aad43e1a72,0.6855709491115762
ck_5e18870d8e30e379,0.5970608515893016
ck_ff7c26a62bda8089,0.12059365304292714
ck_cc5a35175d381d5a,0.3055582478754404
ck_3c25029e40aa8a84,0.3637161561063408
ck_771247b5bc16c12a,0.1947424502352817
ck_664b5e02759f985a,0.14738092292002028
ck_692a9e8f504b9762,0.0383984948204022
ck_df8ad2deb0a4ffed,0.6966729068204222
ck_eb48c0bcd12ea654,0.4976525492251813
ck_7c77e597c951cdad,0.5064118780756002
ck_4f75144c6f3b13ad,0.6132554464420273
ck_1bcff399166d7c43,0.28977106081235915
ck_975c2aa3d4a8c51a,0.5567271459143428
ck_bc6f07b06aaa4ce3,0.9344015332196106
ck_80b072b7f3c7e8e5,0.38897564155945474
ck_471e4018a23b4e56,0.31340089784816505
ck_53cddfba570b4a3b,0.449374324976692
ck_630530e50764f229,0.48420797095498874
ck_dcef7887a4f1e435,0.7246824674577848
ck_2795921a055643f6,0.3656513585755113
ck_7456df89f3792235,0.21419632277454656
ck_5014a3b07e1f049f,0.9511076836738397
ck_d4ec44760cbe03f4,0.4833931503037752
ck_96810ad39d4cb7b0,0.47432825763654735
ck_3222ea25aa29bfa6,0.07985256133659403
ck_f6c42001b84a10cb,0.814618611348787
ck_5ac86682385c86b8,0.2884469735619669
ck_4280c33af57eb4f4,0.03462994442484504
ck_05f79ddd8eefaa56,0.494393245234704
ck_3a57a13ce032a6fe,0.13729750207041533
ck_a721f0d635fad68a,0.40873508020430027
ck_a3f821bdf408c326,0.28203025207726495
ck_0ada63008be5685a,0.8196094182952169
ck_8c949bdc6e8720fa,0.8508784209097865
ck_c0d2c56f9c722e99,0.9895090355361766
ck_5d2b9e6e087b8dfc,0.9941943242746417
ck_5217b55593a332ca,0.7619606004299987
ck_7a7bb9be5a7e48ad,0.5511252419875429
ck_24cd0d779e866287,0.09136191792840825
ck_7367917891a63771,0.7604327974342314
ck_4b31a8862a857e6e,0.9627202771911962
ck_81429c4910ca46cd,0.1530846794989438
ck_b35d803568f82d9a,0.40201279937737755
ck_4b00e75c2d2d0522,0.0624357396358189
ck_77fced07f6dff42b,0.4570132824722166
ck_3c9a06eb07c300e4,0.11529731043626854
ck_b3867f7f494db64c,0.0031574448577683456
ck_0c45e54897ab34e2,0.6529780385918345
ck_507a6a580ab55c76,0.5570327091589585
ck_291bffc7809f896a,0.1385197358018177
ck_3753cc5b9d02e2fd,0.14819574584517817
ck_4f63d5245b3ac1dd,0.50335629293271
ck_9dfb2ae78659240a,0.3311232784359713
ck_90f6f5ced708aa75,0.019657590016055226
ck_8b5b5a6b5539e39b,0.9789160618564996
ck_4719112b55d20161,0.5013192428971296
ck_fec888a7108ca52d,0.9875738098132241
ck_4f5d022c99f118b7,0.6943302918710945
ck_e967ff05514b697b,0.7130712046631229
ck_839ce35819bfa4fc,0.07812106142412778
ck_bdee1221b9addff8,0.300669304582892
ck_9cde4036d0914427,0.3918275189833587
ck_5ac959cbcc5e98f3,0.07445436400037693
ck_619842688294dabc,0.4545688215421652
ck_7373d7b04c7799bd,0.6659133450994987
ck_c1dd3feb9a0b6471,0.3814385393332903
ck_0324a4812ec319c6,0.2149092923718677
ck_7f3685aa2933b251,0.8276558589531057
ck_06aee5a62a67a84c,0.8457857742913255
ck_3428910b44b9d08f,0.5536715634764566
ck_c3ba7534cefc1de8,0.4086332281304191
ck_1f1273a67cbad5e5,0.9451993628091037
ck_124565a11b2f8bb8,0.257483738278966
ck_38e46bc861e0165b,0.7946554034449826
ck_c8ad3f01319c065e,0.7906831797406575
ck_3f94a34f5038f7c1,0.9502926687401319
ck_cee56be5a502fbd1,0.9291045624061931
ck_2b90b76cf4d162f9,0.5393103355821187
ck_884b2e463ff1d54f,0.19260354577489233
ck_fab4f2f8531b4827,0.4246241117354912
ck_4fc6256e0e60a926,0.3791977807667117
ck_0a2f8b2f8a5b6f02,0.5196527346214653
ck_9c0deab8a8367c5e,0.08555631242749402
ck_d3a2a4c011fa2554,0.2778542876513964
ck_4108b4038f762817,0.7295713890929028
ck_4df036e2aa7e1056,0.566606861528198
ck_ec094eb1cbb3efc5,0.14442719518384425
ck_09f8f51bfd2492c6,0.5043748329358825
ck_b60fb9a10d6f4489,0.6983025648925016
ck_3638bc3388dbc1bc,0.8643231074024138
ck_7a58e0cc9943c39a,0.2218352808975474
ck_37dab6a0a536ed49,0.8151278847971044
ck_adc576690df5b33b,0.7290621354266628
ck_1383b2b1875000f2,0.5546900864107761
ck_43c1248db37a2eb0,0.20258510845304423
ck_29c11bd68858e923,0.026278018726580064
ck_9401f9e11f65337d,0.3818459521027171
ck_ce5ed372b1a2ed6b,0.6826172167447071
ck_08b4619490e751a8,0.9554879320938227
ck_44b9125526acb05d,0.32317876337275486
ck_ef1a1de20d2124cb,0.6694782115887801
ck_e5e2624b7fc89774,0.6170240096663141
ck_f5100511609b92c0,0.021694643976895134
ck_64f3bb17101b7c42,0.48492094507196665
ck_ea1e5b5128ecba2c,0.14279755014656553
ck_516163fcf04d5e77,0.6084683611596404
ck_7f9a748110d70005,0.1957609782957091
ck_d263b55f0a681cce,0.7261083741090789
ck_0e962eacf98a813e,0.21643708675005155
ck_0406931800e0e2e6,0.25483556694120607
ck_0e9b982afc88a3a9,0.9938887512825433
ck_8bbb625384edebd7,0.032694741161883964
ck_5eaeb87bf6207406,0.9716840454132017
ck_cc3318839c4b0745,0.17651080685707268
ck_08a0355d1f1890ef,0.356484610932355
ck_af7ffd1a822460d3,0.9371518864480208
ck_2a09c7aa870edb6b,0.13902900219498002
ck_bc04f51c23290bcc,0.3369288834448925
ck_d3a8333cb389f4c6,0.4076146941800552
ck_88e3dd3039508332,0.6411631090520474
ck_b8c7771de9b57705,0.3782811034573656
ck_585ababa02383b50,0.39641089015417635
ck_e988c108754cee9c,0.4148462387221264
ck_4a691892d9d6cf89,0.27031718482202216
ck_7cdce37d895eefb8,0.2692986574618163
ck_483fb981a1fb4317,0.20421475384451843
ck_c1e5182bd99e0e35,0.8647305322775191
ck_9a1e3ec9a1839939,0.4578281094070695
ck_5c3f13de0dbd5086,0.474633823440726
ck_f4f6f0caaab70040,0.19331650982871107
ck_791be3378dd7d64c,0.5694587483613371
ck_956dd784525f5886,0.6161073696571875
ck_098167eaf124c279,0.45120768290261787
ck_33ecff7914349ebc,0.3350955333338315
ck_e05d44e46c7174e6,0.44163352679974455
ck_1b2ce474fa6582b4,0.8231742920498754
ck_ab581082e8f72e3d,0.20523328006329944
ck_e63256667aa19070,0.6778301606439502
ck_f568772b6cb3febe,0.4877728300436567
ck_dd89a282375bbab6,0.8193038640766842
ck_a39d0bca345b492d,0.19026092740072292
ck_d12d2924d0f7a64a,0.3770588665848347
ck_6a548da1728b5823,0.9864534201180675
ck_6d64193681d2a94f,0.5895237424280737
ck_ced6b6dcdc7c201a,0.34772527871306624
ck_d1b0699d26282871,0.6752838096235695
ck_58f757e40a9b8877,0.6440149936444419
ck_3272c2c4a37d5220,0.9597663645799331
ck_d94dfde9e03c9d1a,0.4744301109879507
ck_08a6d4903a7fbaca,0.4447909509308154
ck_6c72a36b05fa0f4c,0.5202638489922403
ck_dbb4bd4eda97255d,0.4447909581520721
ck_94b59bbc824b307a,0.10439906786209752
ck_0229a07185f15469,0.28335433641475416
ck_11bf1039f8b3025b,0.32694731840740326
ck_36789ca11459131e,0.8640175650747787
ck_8572c5f5c1447c62,0.6780338350578654
ck_9e75c6641939f4fc,0.7509604799804585
ck_b45e47c39d4dc7bf,0.5554030599723807
ck_02903c48b6cfd65d,0.12650110996794942
ck_b153386f1729de81,0.19005722928188187
ck_36979996f33498f7,0.9373556348217911
ck_3c02d4dbbf6716b6,0.6191629032495282
ck_66c9a19963957531,0.8719621542363011
ck_bae8dae7cfd8baba,0.10012125419767064
ck_bba0ccc6cd968680,0.5581530814710838
ck_3267fe3aac05c71e,0.4181055430631183
ck_40052cac10562cde,0.547865961076518
ck_d973444855403e2a,0.621912930647838
ck_012519bb095ad36b,0.9900183129445035
ck_ad7c256ea10c4a00,0.7911924086013763
ck_70a60e095e9b706f,0.07679697659909103
ck_f2734417c0db4ee3,0.1982054405610123
ck_9cb89cc3178e0172,0.7836552801368569
ck_779cc0f2de4d5488,0.8549526223683508
ck_35f8656bf93e3b3d,0.6119313691472845
ck_bdd8eba728800e29,0.7252935662602172
ck_002cf760d173f0f8,0.6331167423850339
ck_b046067c6ca3831e,0.2271316210840709
ck_a4a42d4bff8af645,0.26665049138569796
ck_bce253d2396681a1,0.2610485842638265
ck_00dafc060c8de32a,0.6334223028981473
ck_968a99e097ee78c9,0.7820256362158132
ck_66949171b387bb93,0.4418372198770079
ck_ad305286702b1958,0.049805999431409176
ck_4732da7e0d2dfc7c,0.2201037821133253
ck_17a95bba77217d85,0.6996266792093663
ck_3e2516a3e35067e0,0.3511882674642956
ck_0b615ed566da1f58,0.6860802027587086
ck_d2b3ce1ebabe9f93,0.3911145515693141
ck_a892252e4e0c2828,0.23232611091427224
ck_cf606fd6ebfdf9bc,0.13964011487079733
ck_718865237134ebe8,0.1181491892922799
ck_878522cb775b904c,0.6927006370903364
ck_9ed53de6ef779ae0,0.13301968859946695
ck_3f16e2cd7e6874cc,0.5673198327118232
ck_3c59df37895ead2d,0.23242796757549009
ck_6821459b626d492c,0.12660296441037647
ck_11c7667920541587,0.242409532759151
ck_23a016cf6b98d89c,0.7197935936022452
ck_7137eeb394d200f1,0.8255169058006475
ck_9c4886c5c90ddbdc,0.17508487302730646
ck_1422a7bf7756294d,0.9769807603150243
ck_7ebc5fa7f0d3b8f2,0.7081822768042909
ck_fcc2059a8d5c41fa,0.8617767588054481
ck_00ff7389d6a83e29,0.8216464815999113
ck_03129b41457795d2,0.3389659470824956
ck_38ba64efa7c38250,0.7777478372217642
ck_57a6b56b09bff24e,0.6263944539792418
ck_e3b3c5a80a567418,0.16276069095850884
ck_fc40a16adfced018,0.18781646425091256
ck_9d4b5e6b43bad4d8,0.46974488160723926
ck_61129937ee466b49,0.6433020179664398
ck_74112e47b8629c2a,0.8565822229908773
ck_b4703ee97f94d7fb,0.177325632509734
ck_e560f720a988d8a2,0.9356238708737614
ck_708fea345f68037e,0.22702976955243587
ck_25394c1b83e0b803,0.7515716064459712
ck_17ab24fe914ae44b,0.0808710854937374
ck_16c501470d9bb006,0.14025123161565936
ck_628f449e248c19b7,0.8179797672780695
ck_6d64190623dea714,0.2687893956683712
ck_504a45ee08db72b6,0.28427101513823627
ck_6cbb011e0c70bc7c,0.2377243051521112
ck_b3225a98acd04f83,0.1866960819698738
ck_aa37993f1c17cd1e,0.770414393283474
ck_558cfe5f77a55a9d,0.4347075325226848
ck_0d0a1a021efea5b6,0.6738578653434802
ck_daf7aea023b7a8f6,0.5978756692155064
ck_d75f25184ece2b51,0.1305752233812746
ck_466d4b5366c50b98,0.12212144462793648
ck_88f27ab479063852,0.7964887662369121
ck_66779098e78c1760,0.09492676590842222
ck_b150fe4efb449b05,0.310650879536838
ck_9c3aa9f23d01fa1c,0.18455718091072554
ck_6a01c375fc26705a,0.09238044857757507
ck_002eb6552b504ea1,0.40099427183063246
ck_affa5aa0bff9bb0c,0.29506740209156823
ck_027614eeba8b1a4b,0.2973081649919619
ck_67e075c982add719,0.2687893935029217
ck_399b0d510be98bd2,0.4806431316696374
ck_e9b0bca7368555ef,0.15695508078423406
ck_59c29d9c57b4f994,0.8505728678400979
ck_37176850ed68831e,0.305558237367654
ck_a0db4ccca08030c3,0.9636370778824583
ck_aa188e5c25f7f42a,0.4659763349980606
ck_7de6997178207800,0.04797265351543722
ck_c729d19053387be9,0.8055537431445033
ck_f2d3e3d90608596d,0.9210571553717136
ck_2db3fb565e0211ee,0.08158405621516843
ck_bed8a480e27e911e,0.6984043994849239
ck_d7ad9921a4d25926,0.6588855085231416
ck_2a59f23fc5194699,0.7788681916570361
ck_63601a58a6120d8a,0.5970608558928822
ck_efd7b9e22c6317d6,0.7086915345452859
ck_9ab42875a0f95b43,0.7778496538495775
ck_85cb5033fca7c846,0.7231546443962331
ck_5249b223000915ec,0.7014599898871126
ck_3efb0e9bf25612c7,0.49235619261220587
ck_678e74532ac19700,0.40374430112725723
ck_a980b296c95153f9,0.5722087647664564
ck_01ac687ce0d696a7,0.6726356297140439
ck_52e1418cf1aa9871,0.4613929578961668
ck_7d28da4f1dab09ee,0.7780533597681332
ck_010d0c2e6c1657fd,0.831424416534792
ck_b524f7a2e752b9d0,0.37817925394331553
ck_cc447fcc24a0772b,0.9068985752101775
ck_2cb3c99845e572da,0.19474244910081567
ck_604c710141327a81,0.1590939894558437
ck_8d5fa65717d2e0c6,0.606533156578546
ck_31199510b40602a1,0.6227277509711119
ck_49e253ea12f4e922,0.5690513499715162
ck_780738e0d71e7e43,0.21786302643810876
ck_2cd21137a07fdd7d,0.3587253715177147
ck_5e021f2a3b66e256,0.7829423033741885
ck_efbc79246e32c66a,0.6167184462895983
ck_9951bd806c13c7fd,0.6604132909015782
ck_7a52674e2806d8f5,0.7284509942339302
ck_1a319e509f1efa1a,0.19657579912978587
ck_c920901b9a4ba993,0.97687889422577
ck_b71279e807d0b3a7,0.4351149381216867
ck_47e1032f490bb018,0.3784848066911318
ck_192579ecdca7ff83,0.4407168404617484
ck_b1496c474c4a3239,0.13251042816147449
ck_5e68ea2c5e893cf0,0.7492290234822055
ck_f2ecab85d4693b4e,0.7720440892111419
ck_89d7bfc81c3df597,0.36076242920903956
ck_7929284327667791,0.7148027145471143
ck_494ec63c5ce8e150,0.6335241600449296
ck_319b059bb2145586,0.8981389046822469
ck_ccb3767c239018c1,0.20339993298502493
ck_a1c7adfe26e09a8c,0.49215248655846516
ck_0e13c4f73818149b,0.4026239115209795
ck_c285a51ed6214f52,0.6359686243004766
ck_916784595f028226,0.8347855978566334
ck_6cd8e0196365c474,0.4378649630318663
ck_57b657aba4daffde,0.8131927332484843
ck_562c76a3753fc7da,0.9582383058554469
ck_66cfc1ebc9a513c8,0.12884372803799182
ck_0f38d4aed68d7d24,0.5239305538134995
ck_d8ddf5e99f7859e4,0.45803181563304907
ck_41bc3efa0fca700e,0.727941735032881
ck_40799e129fcf42c5,0.8776660062429041
ck_786f079389126e44,0.7847756782899447
ck_bb4c6b713eb0b978,0.713987881878814
ck_4f01f7eac0efaba5,0.43786496306323125
ck_47d29c01b20cf69f,0.2591133827000054
ck_bf15a1f8d67a30d3,0.346095635230754
ck_bfecad7586f65e4d,0.4951062457331327
ck_fc9f16df35190eb4,0.9181031349276334
ck_c09c914e416edd08,0.28009505793365375
ck_c54c5d8e4433b0f2,0.24465029221943113
ck_1694c28f44480e98,0.5269861462996289
ck_1dcaa3078dbb7571,0.03340770973123021
ck_af559f990c640e41,0.3096323487949778
ck_9b436162039a77d0,0.6634688756853954
ck_79d62ef181bd0cd8,0.3625957797009953
ck_23caafc2cd34242c,0.3969201587583744
ck_ffe2aa26f597e552,0.3611698409651228
ck_e6ffd0754ac08661,0.09187118029640855
ck_beaacb4a783db21f,0.21643708393891684
ck_9863bff41d24ce9b,0.2964933471348438
ck_323b9cc5c49f8ea0,0.8820457377356298
ck_ab3de3d3e41c2082,0.43480940376800337
ck_35c93b2924900376,0.22560383337787107
ck_5a9d5f9901e37e31,0.5503104188987173
ck_782b0be796164335,0.22774274115601312
ck_11960b5f1c7a5e2c,0.3960034853993866
ck_9a66cb13a9884cc2,0.5161897618237606
ck_ba666a425930615a,0.04033369613294815
ck_40140bef4db73741,0.5223009173301391
ck_e05e91cc180063d4,0.8258224684340002
ck_c7f6f45710bc050f,0.2804006093144879
ck_055fb9f2e1c8c934,0.7625717093283344
ck_58bb02d98e2b9cd5,0.678237563853217
ck_d9f8efa6a7800f76,0.30912309060885845
ck_69691226c68fd50b,0.9212609352623811
ck_6f2f0396e5b1c538,0.9851293139577031
ck_78bc3f1d0f35ea6c,0.314317578058265
ck_2d5a6b6636a2596b,0.17926083407789056
ck_7878545739af0a73,0.10551944994303557
ck_03c4fa4f3ed3512e,0.11529730975478415
ck_1a9e51d092d62c84,0.9399021747117887
ck_9f3861940d8d873c,0.8244983772075686
ck_4684fdd61c6a0fac,0.33010474938763074
ck_715966f86d5c913d,0.19759432450643197
ck_77f293d44b4a3d2e,0.7397566774527923
ck_24dae044dc05f849,0.6593947651101495
ck_00b9818e2064405e,0.816655685925238
ck_c1c2cb49c3c1b0f5,0.8994630874831524
ck_bed50fc64fbbf8ec,0.34314190701249875
ck_4f6ed5ea5ab7c429,0.20889998785415795
ck_458531c22ec2f9b3,0.31737315515038705
ck_51c50c4c443df31a,0.9347070973308473
ck_732d45bd578dc39d,0.32796583965115156
ck_783fe5bc20cd02db,0.758192033035202
ck_7f188aaa63d1d442,0.3138083106788295
ck_ef307a6aee38d1fe,0.9604794198785999
ck_e37196b20968b73c,0.6286352148454105
ck_4ef9de711c3d93b1,0.7536086542893187
ck_17946516d5df71d7,0.4427538950798457
ck_3534be0f4efd313c,0.6133573211107801
ck_29fbabf855cabdff,0.07221360338804078
ck_191673540d8486af,0.6930061952246018
ck_5f52728d777ff2c5,0.4176981314265366
ck_a045a19369016818,0.997453631898459
ck_4eadbe7298b15e96,0.6080609484778378
ck_a3a0bd59729fe619,0.2249927127235835
ck_a1e77090b1c6ccf4,0.3561790697987762
ck_69ab9d4784eb77bd,0.5696624462090397
ck_baa47383ffd50f04,0.28915994644622406
ck_e35b2ed08b9e55a7,0.2991415149147645
ck_b6e3af0a5119d9a0,0.7559513008793324
ck_a7c1dabf3869772f,0.8251094934704508
ck_80b8fca67a14e0be,0.9349109030426299
ck_dd9c5f0c42878e67,0.10511203999726051
ck_41ef7967faf5ce82,0.062130180973979335
ck_a93560aa348d6225,0.7447474550174749
ck_ffe91d6f0bd93fc6,0.7848775168716279
ck_fbf630c960194033,0.6050053967071616
ck_497ed60723283c0b,0.7135805156423904
ck_2a46b7ca55239413,0.3722717882853631
ck_1a4e5ace078dd782,0.8393689584888109
ck_616cc31910f5de50,0.19779803077994862
ck_0d65bc749eb42710,0.6167184379822234
ck_2408db62e4395ccd,0.6164128771093693
ck_5d7721930106dce8,0.4245222555303831
ck_e8a6acea22b20312,0.8834717197407647
ck_e2f792fae128b18e,0.8045351548111318
ck_e6d3ce445b86003f,0.18465903246792928
ck_263334d722ecbc97,0.959358940076846
ck_8c5b29f6666d4874,0.7843682704729645
ck_7ea0bf310fc20c7b,0.958543939000484
ck_54d463f7fd89ec3d,0.7948591832774367
ck_79e45040dbdd6447,0.6259870490464835
ck_60b4d59953505682,0.9664892333858566
ck_fb00dd5021642507,0.5631438722239496
ck_f409ff994a210601,0.8029055138949234
ck_2ca0020038bfec58,0.8922313042699411
ck_adf84b9df54c3d80,0.4644485349971334
ck_942dbf632591b65d,0.8845921395678811
ck_454a7e4d859a3409,0.08178775811814905
ck_2139062d4569aa07,0.21205741356829777
ck_e949a0f4df0b3902,0.9104635961102823
ck_bb113e3e6716ed65,0.6088757708727638
ck_6a28ea6ce69cb869,0.8709436179431179
ck_7df9910af2bba21b,0.3452808089048568
ck_78aa4b731cbfe251,0.23904839110959075
ck_5839f5cbd8165b1e,0.7228490808949096
ck_7158ad9e58769ffa,0.8438505460308345
ck_acee218cbe61df69,0.6675430142358544
ck_f8dc8473c2772729,0.8180816602364182
ck_f34c93a8173555b1,0.7673588006973447
ck_7cf301d075e4e709,0.4641429758130504
ck_b87e88ee5512ea17,0.15766805285363678
ck_bed0c020b10afa3b,0.5652827801732733
ck_ca10102961f99eb4,0.201362877542979
ck_393287947b5c8d79,0.5677272475987376
ck_2fe6cac002142f67,0.7895627902301536
ck_79c7f0d29b1db1cd,0.5159860358973725
ck_c735b643d3cbf67b,0.33774370714577856
ck_ea4332c8fe48e2a3,0.39457754428402325
ck_d39864119cdd460f,0.41983702417824953
ck_3b963d6be2773861,0.14768648394720854
ck_df39e3b8a9fd0bfd,0.9587474965770664
ck_6236a461dc0d11a3,0.13077892964077023
ck_475ebccca25e30d1,0.44631874526696774
ck_c10c8bcf5bcd516e,0.8298965979480781
ck_49ccc3716a564256,0.5939034089731733
ck_4e4f99102f6938cf,0.38663302855929577
ck_a97b481ade6f7972,0.75544200966557
ck_3fa559c679751b3a,0.631283389202567
ck_3eba1fd2c7acc4c0,0.9173906335426238
ck_18c179b4afc4fccc,0.4756523530835779
ck_cc1c0b93d05b7d20,0.7884424804422043
ck_742f7c28ddd019e8,0.6822098073248805
ck_04470bc93b8a0d71,0.40292947111453836
ck_6e8f8ef7a03cc6bf,0.47117081613862655
ck_eb1ddfc353b4da83,0.1946406022564167
ck_98831b57c7ca2e4f,0.028824337680422557
ck_a6c7b8d6e8596d4f,0.8469061245848245
ck_cd7d24e3b095e96e,0.8699250837399967
ck_3f5ae4673a9f858e,0.3107527285892601
ck_05f375fc8ae0afb0,0.4204481439982091
ck_1fc98436281ee39e,0.06712096615015575
ck_6c48c58678f64bae,0.051130088416381225
ck_8c95aeec6a4c75b0,0.3366233306393703
ck_364cde38958b7af3,0.8878515148539392
ck_85bf21aa1a00452f,0.334280712482996
ck_796d3eaabc667c23,0.9969443660440396
ck_ac449ee0c315edde,0.17864971441761776
ck_6f9fd15ac6b163de,0.1169269582649784
ck_4087065be2a45ad7,0.9490703341934409
ck_ecf006bbc78ee3eb,0.9158622425786179
ck_8ca808cc5a49cb5c,0.4692356312116444
ck_94b90ab8b2dfb50f,0.6294500459136301
ck_59fd11b3232de9dc,0.9659798640570677
ck_67f3794d93e2dd67,0.8275539697542651
ck_b7f5acf5df1bb13e,0.5239305653567946
ck_fb04ecbaebb774bd,0.35159569152003795
ck_68ef3e7301c621b7,0.33316033380714716
ck_41406cfa209b6bda,0.112547286047735
ck_b0f8f5408662337b,0.23395575468273155
ck_0d2901bfe585c391,0.8836755459410333
ck_3398551e81dbf3db,0.6421816411555868
ck_61c3e3e277629646,0.3412066980342211
ck_2825e34dd3e7ea2a,0.3942719817344605
ck_20d7571ba830009d,0.35923465961571144
ck_c98b16f9a72a6568,0.009166758011639702
ck_e7c8a9e4641eb9ed,0.02383355321216474
ck_254a7c97c36dab8d,0.5957367789068682
ck_e98429675b46272b,0.1949461652579093
ck_c2fc0ac460786d02,0.8224613406433263
ck_fba15647b3a140d9,0.42818895542202556
ck_15ce50f2704227be,0.5318750684352176
ck_8c748aaa4a4554f9,0.46200407432546386
ck_e00e82a9419ff086,0.4760597543199107
ck_832341c98254bd84,0.4855320551256621
ck_27466468d06db4eb,0.6371908490312819
ck_9d7b9e3ff1f3e71e,0.1703996441993965
ck_42c6973d3a6fe983,0.09492676396286401
ck_877c85bad118bc62,0.7447475035510349
ck_75d2a2715259c4d7,0.7818219304754117
ck_37d3e5c681a2214d,0.927169115047786
ck_bf285dd49f372de4,0.7922109447413268
ck_a5bdd026fa9c50fd,0.339475202845218
ck_88d9244a9cf7a77e,0.9442824593134024
ck_5881b174e49b04ee,0.15654767187528748
ck_5b16d67c5ea89930,0.5576438251286335
ck_b75b936aafac56b9,0.3369288869480641
ck_aed2681e1646a0df,0.8189983494291956
ck_f63cb5e8cc702bad,0.3482345389472824
ck_1805fcfc4a9e4ffa,0.9756565924148439
ck_25c355da356c730d,0.45090211650767875
ck_70396398e4a96449,0.2794839352288443
ck_0f743bd13373748e,0.5913571075002831
ck_4b387765f0e916cd,0.14167716973385397
ck_e971faae8a10a260,0.061722773572493346
ck_9eb08369e983abfa,0.046648567549957616
ck_c30c5844512e429f,0.8754252139949765
ck_59e77e3a81f1fa0d,0.4696430355165818
ck_ca4465f2b5c1a52e,0.9914442753473491
ck_c89b9ca398402f1e,0.17447375575516963
ck_36e72ef9273e7a95,0.48685614468363253
ck_2bdd8616870e5e1c,0.12222329537237869
ck_216e87a41de22b5d,0.851591382909156
ck_60f4fb44f5efe3a0,0.1546124671883554
ck_05652e8ace6ce6cb,0.14575128104699786
ck_8c136dc691e65695,0.03381511936439812
ck_a08f8dfadbdca112,0.29119700403789434
ck_bda4041a3e90d860,0.4394946066898137
ck_15dd3ecaa8ce0245,0.949579805819302
ck_3e3c64b3b7876ce6,0.6185517953377209
ck_46225858a38b2e57,0.2426132389826267
ck_0cb9f54928f4feee,0.5415510814121799
ck_152671fbf8a9a78e,0.8657490631121152
ck_ee7a515e87d17d4e,0.45324472933916105
ck_f7276091bf513d22,0.03554661770347276
ck_4f05daf1cf0d5755,0.17997380035457913
ck_83a69c4a5d55ef19,0.5366621527609999
ck_c50fed2a7c9198c0,0.6587836510320877
ck_70d19d5650ddc8f5,0.4231981685584863
ck_4b4d99e443618904,0.511504512127999
ck_dca0b6ca93311ca2,0.8398782303984931
ck_b7431d4706461ec6,0.5896256027840301
ck_7b59d22cadef3b05,0.9128063938598964
ck_53428573abcd606f,0.6525706244431648
ck_f538ab6aecf2adfd,0.012935307646221975
ck_d321249fb065d2fa,0.799544375186743
ck_72fdfc7e6d8e1436,0.12497332482899484
ck_b52b99dad89ecdfb,0.5309584076852811
ck_d2d4282f9d256b3e,0.19627024252780118
ck_c8f2a1dd8a6141a4,0.060907950215244804
ck_8d38747058d0aeea,0.9507003626839229
ck_3ac528caac74f563,0.3328547735378509
ck_8dbaaa00ad829ca9,0.6764041881218937
ck_7c38ec898f0fc21d,0.14829760031116151
ck_8171ef803f5ff604,0.5533660009073643
ck_01a750db6fc1168a,0.8773604376655864
ck_ceb017baa26e98c8,0.7604327990590546
ck_e2c66c72cc0b0f78,0.8913148579266014
ck_8d9518f64b222416,0.3680958362293027
ck_804c5a1fa5753617,0.28203025170405815
ck_fca7cc9c42695453,0.17131632190224697
ck_3a632cdf2c19051b,0.6973859117735676
ck_b2b63ea65edf1dde,0.6493113397074589
ck_27b07021500ee841,0.502948885144105
ck_9724718fe64c6557,0.9834996315113048
ck_2786cbc3e75ec034,0.9383743914686329
ck_d9c2622cb6df380b,0.3652439477997256
ck_ae1da8ee98e402a4,0.35862352282909093
ck_62967b91504149f9,0.18476088281856523
ck_6b255bf68709109a,0.34945677587184215
ck_c55afc68421d85e2,0.5671161310212239
ck_7c7266f6ef2a8466,0.7335436323021959
ck_885cf685a9541190,0.9664892396805312
ck_1a4bb7d3d2ee3227,0.6748763932229568
ck_b4911c42f3bff740,0.09676011199097143
ck_66f9f78d4c6a3edb,0.5930885984633605
ck_49bdba9ee1899dfe,0.714395293044383
ck_79b235d51718435d,0.7811089549633692
ck_d840db8cfe2ef6f1,0.10113978050033864
ck_610c7bcc1cd7ecb0,0.7481085929792617
ck_cf49b6544aff6c50,0.9309379737480399
ck_de05f97c3d40dd1b,0.8029055050698268
ck_0302f67d75973dce,0.38602191577583733
ck_54c2604c9ca6256b,0.6012368115266183
ck_a1c88c0568f142d0,0.8969166229844088
ck_5d72ff6cc2963d1a,0.17610339920440837
ck_0446920a1004c596,0.020065001229599234
ck_71044c29ef071570,0.4399020238924658
ck_2122e9bb1afffef7,0.35628090925073774
ck_d1e3de178601d3c2,0.5609031062293174
ck_bec8324a3587ef04,0.03982443386793064
ck_b616b6f45225f319,0.8256187589553154
ck_ce1e695884511479,0.7854886343226531
ck_a662b4bf900781e4,0.03075953846829683
ck_b5a84c5547378c10,0.08535260599859458
ck_f80af368cfc6cb7e,0.47453196859721664
ck_da3526ab6c5c884a,0.45619846980736584
ck_bd20be9a3392d79b,0.35363273343617585
ck_b8266dcd90cbfa62,0.13709380014101166
ck_ac84b33304362c06,0.6554225180426572
ck_794d8935a895e33f,0.8113593240938869
ck_8fea7d915259f1be,0.3077990027186044
ck_7a1519ad5ff45312,0.03676884947639223
ck_9bf3ce30b65f75c7,0.8268410103796379
ck_5f864d72d1eead99,0.8562767091458413
ck_3c48e0cfc2a58041,0.9276782627003166
ck_d902183f80cc81fa,0.8274521228742984
ck_539cb0d117db8cd3,0.8976295997647726
ck_28f530aec8e77130,0.7555438900793351
ck_e7d903c50d353361,0.8023962595296781
ck_d288b77d1e227970,0.6658115038853757
ck_017208fcc01b5d40,0.279280228643965
ck_7e3923d278a5106e,0.39763312987475546
ck_9700a00ff9e66216,0.7499419466704731
ck_5c36c78b7a4d138c,0.7344603087932886
ck_c457e9c9224b773d,0.6586817964753603
ck_1dfa91405d7e66bc,0.25076145796981286
ck_f1d8a2695a575e56,0.3219565286724538
ck_3b92a46daf8d00d2,0.4055776499837452
ck_aab23b5470469649,0.3706421498644707
ck_ecdd01a391610d99,0.29639148787798825
ck_abd3aa292f8edb4d,0.6342371248912011
ck_7fc9a0776e1339e3,0.09696381791102053
ck_c0389ebeb0e65cb8,0.06589873435439407
ck_48d0fc4f6a2109fa,0.9888979207942793
ck_571dee4f3336c7ce,0.6630614643517271
ck_4cedf26628c84f26,0.5949220413136624
ck_63356762d24aab81,0.524337962539571
ck_2c5bc11bb7ae5d2c,0.9661836401782425
ck_6d26a152f900fee8,0.19891841102536603
ck_c972b0e781efed3b,0.07842662155577881
ck_fa0ecbcf9a33d6ce,0.10765835633872443
ck_fa3a766e49dc77ae,0.3669754447136316
ck_7baf1e55db0dc558,0.435114943001903
ck_e8bc49e6494c1f37,0.10164904333822493
ck_8ef1d05cc1e53e7e,0.7855904883362882
ck_cef2a485a77e0723,0.16999223314121967
ck_228a583f23abff48,0.5251527853847984
ck_ac32c6e374782b27,0.8205261248588992
ck_b9485218cef413f0,0.13882529597806198
ck_7f15503048915d6f,0.3075952912028365
ck_b62f5144db15ad34,0.8967131630805515
ck_917d82c552f95a23,0.5956349074603929
ck_fb4797045077bc6d,0.11397322604171298
ck_2cf8a44e041217de,0.6032738678681789
ck_b7dd681eb3d2ee38,0.1675477671304034
ck_e9e8cacd2fa35e79,0.4641429796532631
ck_342a79f91de5d1fa,0.7041081571197044
ck_2c91f62c05685ed7,0.3189009546937965
ck_e30cb64302939f38,0.6041905647274088
ck_d0e95b90ba86da10,0.3152342477244271
ck_1774faf414a5d49d,0.9427544451278225
ck_2401e8ff89e574fd,0.9698506029618084
ck_0cd8802264e0a1ef,0.6519595069315762
ck_da84a0dfe947fd3c,0.18689979045615965
ck_c8affb27ba7fb5db,0.7570716694579931
ck_bc7ece8787ca7200,0.28579880834477106
ck_469a0578d05990c2,0.21277039657118346
ck_eef67f8dea702338,0.737515894843076
ck_4f490e379e9ded9a,0.12161218277859381
ck_354379de065a8ff8,0.3452808138412472
ck_5db1cb368bc41ac3,0.5153749262763536
ck_9b1c3742dd6fcb8b,0.4888932054671636
ck_63ce4f44c92d7143,0.8545451852708695
ck_e15e3390f5ed45f3,0.4917450832721693
ck_da645ea91d66aa6f,0.9156584564578165
ck_834ca727df855f07,0.8261280246348379
ck_e1d5ad20c737c745,0.8377393144115093
ck_ff8059ae5fa5f1ee,0.02006500152271705
ck_8bb9e75393954a1f,0.11631583742141523
ck_4e1757d1347ab387,0.9962313899018542
ck_af3f74b1d75a5d95,0.6277185384690274
ck_6b1ab0742ff04c3e,0.7458678296007538
ck_f56073911c9f1ab7,0.09961198993551049
ck_51bd5f69b4fe0b92,0.9314473112782001
ck_fc3d95030b81f416,0.009370463346493978
ck_cf78169633a1600f,0.12802890619812157
ck_ad7269eaa65c67f9,0.4616985138962006
ck_cc6d33890d47a6cf,0.64584837148192
ck_bc8f31f4a2ffa1ae,0.12792705362497853
ck_720776a46e56dfa8,0.4349112413836852
ck_e2d1f212f259539b,0.37736442630145256
ck_eaf6f7082c3db2bf,0.758905013858479
ck_773efe58c6278c3c,0.6888302359681995
ck_c4a72c09f2fdacc4,0.4753467791610476
ck_8982888dd6611143,0.11550101786369944
ck_9d5049e195eda029,0.41647588788722345
ck_de58ef6f9fe2b546,0.41820738335872165
ck_c0b50c11e4f5adf7,0.7940442860045753
ck_ddaf228487858bb8,0.8029055658652182
ck_eb2323215ff70362,0.7454604246142987
ck_168c96a1a636ea15,0.4913376651317973
ck_9c46711b14d9eebc,0.11641769256562401
ck_de8af660806b97b5,0.09625084989555871
ck_6ab83f45bf16eaa6,0.17376078538090972
ck_bf2228a052815840,0.40761470546445594
ck_3f943f20a9da9bff,0.6268018632040687
ck_3baae40454c00938,0.4289019204416556
ck_bc2e771a1d8d2dee,0.7490252752681225
ck_e55f5ca37f30ce8c,0.5491900430406029
ck_4ad5937bef176d89,0.2315112884831584
ck_126531a9126c17c4,0.07170433906348071
ck_7ec423cb56257516,0.5663013049005784
ck_54748ae0f2daaf10,0.7846738350164794
ck_ff24776280ceeeed,0.45395771639413685
ck_3c3a1a1365741bba,0.1803812191908166
ck_615277c8a4e2b18b,0.3402900254074997
ck_a96aaef34173aee6,0.85576741005118
ck_bea56db7f3e930e8,0.20839071828981498
ck_ca491debd3b32a59,0.5507178304095187
ck_d9ea77f4114a389c,0.09013968629998875
ck_322ffda3332d08a2,0.7489234294586177
ck_c40ffefe4e30b001,0.7963869851015365
ck_3b1d7648d4580bef,0.2740857443082315
ck_23981a3261674131,0.412198068182089
ck_11667f5b9fac7bc7,0.045630040269503
ck_646bb3c7be5f0817,0.4515132328631191
ck_ebd0a45712dcf07a,0.7544234766528629
ck_baf43bf1bd963f9f,0.7563586964517447
ck_e0ca2c819658f6b6,0.9887960576488356
ck_f0d6633d0834fff5,0.7914979666010895
ck_91081be0254878a5,0.3823552138081667
ck_1325000bc7f35b5e,0.03300029978357918
ck_c624b9063400fa3a,0.9071023092662043
ck_0ad6fa0e23c3bd0a,0.9283915615805043
ck_6ddb55b1f23c6cb1,0.8058593082511101
ck_dce1fb3acd65562f,0.09696381642179096
ck_a9aa389688ee5aea,0.4270685699756396
ck_5c5284c45d9ad8bf,0.7409788973211604
ck_9ce743dd3e92549c,0.7606365210338356
ck_8342e08cc2f9bcb7,0.27602094509986813
ck_25e551a0a8d2fcc2,0.6521632231127077
ck_d4fd0e438c97e0c7,0.8844903095371286
ck_ac7fe1c344190c50,0.6057183447166817
ck_ddd65711b5651f89,0.17488117104510656
ck_ec7406cb5cbc8f10,0.20696477737726737
ck_1c65e8d5be3b9c60,0.9326698498738298
ck_38ee42f15a573e81,0.7642013562218752
ck_0e5385c70c6de025,0.2441410359128947
ck_d3137f0f7629040b,0.27092830183114414
ck_9129c92c12e0c8b4,0.11122320106872094
ck_c86520a00e50a926,0.6547095595634783
ck_87f82b2b5fee757a,0.4332815889656962
ck_643abfbd7548d0c9,0.6542002712729799
ck_be51f4e5e6b85768,0.8031092171892059
ck_132c16312f37810f,0.3565864642485826
ck_c78c096ca8cb33ac,0.036259585829064356
ck_2ce5afbc014763b8,0.7396548058187935
ck_50ed8f4e7ae6710f,0.2821321048132438
ck_5a4eb535c9a11993,0.6140702628781797
ck_9b665ef46d785324,0.2436317678519929
ck_e066f71f8b296b7a,0.23894654621239406
ck_560bc6017870ab06,0.1890386950296735
ck_fd78f8a8663646d7,0.590847824645191
ck_4af5ec61ddbde1a4,0.6885246772581122
ck_c2ed04a9d218410b,0.4069017244717014
ck_2455d43bbdd2bb69,0.23915024502268437
ck_56eed7041add49a1,0.9227888663019613
ck_5f0be7b468a72333,0.23843727903434966
ck_19660cec756632ca,0.28875253171359877
ck_fb90408f4892a21f,0.7100156417452997
ck_833a65b86a5d9bda,0.0759821538545118
ck_2ac36e1dff211d38,0.5541808317497925
ck_c00e70606904539a,0.21531670205599462
ck_ba8affe4b9505a95,0.9220758412319143
ck_0c3dd22587b08018,0.7800904258997501
ck_618c4e5cfae99dcd,0.8701287823938743
ck_c9690baddfc4177e,0.08046367834783501
ck_59fae092fb0c4aa3,0.5102822808637872
ck_e03b7d0fa0b28f4b,0.29282666097619003
ck_d451d24c780b5884,0.28956735623867597
ck_e980d325b8dbb8dd,0.05398196096243603
ck_cff18e2d8c520272,0.11988068438794476
ck_a0e46b67e986ab56,0.6726356305651221
ck_3a469039a5b9d963,0.30800270369624755
ck_12cbb211ebd2b437,0.828776245507932
ck_b8cdd6d6dccc4554,0.13811232640944732
ck_794ba5921cef50c9,0.7787663393031217
ck_2c7667f64edec2b5,0.4114850987045278
ck_7262b4e0c29c942d,0.2833543375066671
ck_5d818522cbfe2a54,0.8213409224334245
ck_de39c1947fb675ee,0.8547488746630769
ck_c021495606b4735e,0.37430884282789323
ck_1fc03ba33edd9e67,0.7069600387660653
ck_a6fe344bbf67f14b,0.4486613596792721
ck_963762210edc5694,0.6512465531537467
ck_d064428b7e7dc409,0.31879909776015053
ck_59be61b53d971611,0.3175768603852893
ck_ec8738ec663cd2eb,0.5118100725429496
ck_59d086fab5998646,0.44346687051071493
ck_bd32dd3b2cbb7888,0.9985740193257179
ck_ce0166addb93bbad,0.04002813971850159
ck_7c0fdfbb447cdc04,0.48736541528985017
ck_cb1bd7635968ed8c,0.8986481876363301
ck_66f94903177f20eb,0.2580948552575287
ck_1d7cd5dcbcdafd7b,0.9431619280434909
ck_5e418a7c04437b4a,0.7725533188917691
ck_631ea1ae91ab333e,0.6083665066860284
ck_0a8029e79a5ae7ce,0.7285528485602268
ck_c4cca8278bdad9b9,0.04838006110022613
ck_4dec3df58077a257,0.9012964314902602
ck_609c249edd88c565,0.3576049908069389
ck_02e5f9cbbbf2f078,0.7312011108255757
ck_32e486859130458f,0.9726008451103098
ck_21ed2ea6386c5a07,0.02658357754865335
ck_1242aa4496576a99,0.257483738398847
ck_475ea9aa6d3898b7,0.6887283946728826
ck_fe1b1adae3be70a6,0.948459144518771
ck_c5414d7a8031d4f5,0.21857599112622167
ck_ca1f6f01868e978f,0.7978128527057294
ck_5eff0208c74ec714,0.6347463878086373
ck_a315c9619a317609,0.5788291952162139
ck_2b87683c90acb852,0.7231546381296929
ck_7cd9f39c50748ed0,0.3964108975030915
ck_16a06d58d71935bc,0.8911108608618277
ck_d116e0e7c19b878e,0.9512092661156425
ck_931510e384b1d0cb,0.5874866864745775
ck_e7651fb87bb24132,0.12252885728190156
ck_88ef9f85948e1a01,0.1826219705375397
ck_17bf38d51115a8f3,0.4652633694493746
ck_2659d1d3762a2825,0.3067804706264132
ck_a7285955e2852686,0.6455427896393545
ck_f2c33d5b65b321db,0.7232564925568548
ck_83e5979334345622,0.6293481829182318
ck_629537d8b4d0f395,0.44662430948803694
ck_72022008a92c9386,0.7185713415354994
ck_2973b8274f0bf69b,0.5953293525161144
ck_565e3418d2f4061c,0.6269037181463051
ck_54bb53b8f8ea32ae,0.9946017375842838
ck_af0a6540ea7a36b2,0.24841884494455685
ck_888651bfc2c8cf70,0.49551362628089596
ck_1dedcb48ac381a1c,0.8923331428461395
ck_f73273e220296be8,0.687302453894603
ck_8424bf65223a5a9e,0.23629837075058754
ck_337b930fd149a696,0.4295130379145932
ck_8a4952de8a123ef8,0.16439033166861894
ck_884168153c9c0c81,0.07516733439928036
ck_fdda581aec411010,0.03452809176052447
ck_2b7cadbc8b180d32,0.9550804714097271
ck_8aa8b9968233a1ab,0.1427975499406835
ck_0af18b3ce015d294,0.15226985728518475
ck_8dde670a735d1e90,0.835702255982153
ck_62f46226f244139f,0.8251094929377478
ck_f948e8a8fdd79b4e,0.4754486330287978
ck_fa00aa0f3e859904,0.7453585749690842
ck_fc7935f784a4f249,0.200649910752513
ck_e7501307c0698e5b,0.4129110414617269
ck_549ed417f2834cee,0.7242750219845648
ck_fb2a35571ec719d4,0.9039447018166801
ck_25822068c86c856f,0.06253759123775655
ck_8f35d229b62c8f23,0.3592346426324739
ck_bdcf049c1e7d0c95,0.2622708177707899
ck_0aa9db36eb16422a,0.12639925894932094
ck_42dcf92e9e016922,0.8668694567909968
ck_42341cf31c08c981,0.18618682371198358
ck_0b20bfc515ba42a2,0.4772820026330807
ck_0ec820b670d48098,0.08260258198988682
ck_1f0bafec397da8e4,0.5085507812284855
ck_82f07504ab59ed33,0.6148850885319697
ck_337b24a474010abb,0.990629441349411
ck_703703bda38fdcf8,0.30168783663819665
ck_01e7960c63dca3a4,0.9740268735800596
ck_be5bd81e3715cb8f,0.9615998679201373
ck_197f8058cea1fbea,0.005398205437194121
ck_eb3fb1106f2f1b21,0.7835534292582403
ck_658b4b54be09a4bc,0.9902220200790932
ck_266ce7ccf41ccc50,0.38266077068423915
ck_110608c3b03d4038,0.9458105844944472
ck_1be8cb95d6d9bbf8,0.1124454339237557
ck_8e16a64a776afa82,0.902111638919196
ck_34bd190d37eda534,0.8755270695919344
ck_4f521611ae14ae66,0.079852557913796
ck_d839798f9520363e,0.8748140671904125
ck_d1bbfd246c0ac9d5,0.7340529438532776
ck_f19030e6e85a6776,0.789562778350442
ck_cdabe60ab59f9d5a,0.34874380124875703
ck_bb84b2b30293f566,0.9312436876313192
ck_427b91925952cb40,0.7923127888280531
ck_1078b1e155b5b640,0.2874284486288304
ck_95fdc264eac72fa0,0.22998350162324577
ck_e35eb857c61548b2,0.9466254914571057
ck_69bd0b1abea7e1f0,0.8888700582105549
ck_59de511b20c842ba,0.8222576063763648
ck_168e7ea341a36b80,0.13729750786517522
ck_4937cfa6526ea138,0.47514307500096714
ck_bb1a981306b750ac,0.8394708138959269
ck_f42a43e4c3f34ccd,0.1422882896452266
ck_c7ae1d4b3ab38185,0.09645455499616448
ck_bd23cf9bba1dd33f,0.8046370257218636
ck_0fd826fad7ec7cd6,0.4194296136994321
ck_f143641bf3dd0414,0.7741829854504305
ck_ad6d48c20a3688a7,0.02780581048067117
ck_7bda5b5b927b2905,0.862286042540518
ck_a337eb38eefdcc88,0.728858412678633
ck_403da2a2d800df9f,0.8907034263981163
ck_aa01d5aafde73d0a,0.1399456756133407
ck_494954023f0eb309,0.7027840980467235
ck_1c6820fc38135ad9,0.6460520440153236
ck_0e0bab173622db9b,0.8720640170473022
ck_547090bf35a3b243,0.5564215908691544
ck_d69455220b21dc9b,0.22071489843058428
ck_90b4ac695b9c6bf7,0.1904646377553057
ck_8d2afe17c0082e6a,0.7136823296916578
ck_926b81c0ba528eee,0.5383936764002917
ck_ce36b0c287bd198e,0.8183871816381253
ck_8026e017909aaa6c,0.2033999378523019
ck_dfba788f35d4c372,0.2539188937304615
ck_f09f9d0e0886e0c6,0.3198176208606972
ck_4ffe0366df388604,0.32908622095380585
ck_75bb521de55644c7,0.5863663373938061
ck_81a960fddf79ecf1,0.9851292911599236
ck_8f43459991ea511f,0.3875497101492988
ck_f878b68d66fbfd4b,0.05968571849249307
ck_e84abfc0c747c9dd,0.9815643618833706
ck_3ad3fd3cceb56b66,0.9718877410097324
ck_7cf562578c7f158a,0.20431660988559303
ck_f81a97d350397306,0.7298769510424661
ck_255d87b7fb40caa5,0.7892572372957447
ck_b3905153b9eee924,0.5594771693494829
ck_2c80a592fb4cd6a3,0.12813075633500615
ck_57deb202d4188a29,0.46628188740437254
ck_e3cb5f31d8e94448,0.9828885003972743
ck_0db62d5f7f75f80f,0.5451159300024113
ck_ced9163ea85589ea,0.7323214115392521
ck_e16528edc694fb33,0.9855367219822098
ck_78cc5ec4940fec3b,0.17141816947719243
ck_31742076e9a998f8,0.7485160323353245
ck_5ac335f02280271e,0.6178388366085582
ck_7cc2e091806cfa5b,0.5170045788440835
ck_3152c7115257f084,0.37420699258173407
ck_ab1b9d019921bca7,0.256668918072496
ck_c33a762d98f9b290,0.16948296981261501
ck_b16a7c51b6f7a6b1,0.8852032333819579
ck_97402a153348e68f,0.2496410776372044
ck_95391029a21caa24,0.7345621653778159
ck_c2015a1200971fe9,0.48013386015354126
ck_ed4427962c68918c,0.9803420602783023
ck_c5e4a17d3efb19a4,0.9250298400782756
ck_8aec3d3dd51517c2,0.12273256475935712
ck_f5178a658225d8e4,0.023629847269496698
ck_8594f165e95316d2,0.09350082615908269
ck_f0c4aac04076a6dc,0.3743088463476727
ck_ac2f7397801036ef,0.6223203421933213
ck_d1ea4bcc407c7d5e,0.4292074822735784
ck_cce8b6657a538fe0,0.6058201971357428
ck_66d0c6d6b67a8d58,0.2764283586351411
ck_1a6b30320835e57e,0.41861479229063947
ck_8cd274cc85aa35d1,0.7441363528535321
ck_ada46085a78280e4,0.5637549841524562
ck_ce1b06623e4a815e,0.07852847407050081
ck_45e70c8a9686580c,0.7776459530942083
ck_0084d8ab6b1044f3,0.12996410677357623
ck_a5f7b6fed6df2aba,0.85882299003409
ck_94940d783e7988e6,0.3976331308813168
ck_00f9ca84d1d8ae7a,0.09625084928875959
ck_0deb56f3f6452818,0.2547337201212182
ck_a58e900469dfc3f0,0.5999127425063427
ck_028c41b195280980,0.4055776413715435
ck_7661d7ceaeb19f97,0.5754680693633382
ck_6957905a65c47879,0.6340334558300404
ck_f7c6c26ef3c4ae06,0.5409399616446314
ck_8777beb11aabd66d,0.40496652493178986
ck_7db098a17374bbf8,0.9733138292205759
ck_66aeb00e44486cda,0.8647306064449902
ck_838c52cc1d315ec3,0.8126834384676298
ck_1745847cd4e5dc83,0.5665050102611648
ck_201687857ec8b3cc,0.6425890492979418
ck_81818169208a8cda,0.5375788347641777
ck_3303fd3f64632c7c,0.7466826686940935
ck_edf1096809e83ef8,0.14086234771455453
ck_235ce9603c7dccbf,0.8307114246812031
ck_9df7e153868bca13,0.3355029447841104
ck_3cfeade2cf270fee,0.6381075240399934
ck_982b0bf2e2b6c4f7,0.07557474494752008
ck_faeb0da678bb86c0,0.2237704795685185
ck_e86ad2fe815b6ed9,0.4490687694073487
ck_70d69e5d1bb99e85,0.612033209051554
ck_7e9a8924eab779e6,0.9899164621656327
ck_019d5891103e7da3,0.33998447145615956
ck_14f0484b3817eda5,0.578116226801883
ck_85de63d278f0fbae,0.0872878092399117
ck_ae91b4cff57fb3bf,0.49368027891515026
ck_2a6d43b9f883b78e,0.9367443461473183
ck_7a4e3d553e8ab5b7,0.9189181644610521
ck_fdf89dc69f700f84,0.8942683775238229
ck_f92e04024bf13558,0.10419536099097201
ck_4a522ca2dc4831a0,0.0026481810381125885
ck_68ba25dc3385fea1,0.7716367515389336
ck_22128a4f0d033422,0.6440149882222722
ck_5b52ee0a13c71590,0.19250169112722232
ck_59472d17debedafc,0.5886070670659699
ck_9dde2c63acda3ba3,0.4157629204533544
ck_7510b1023cd08531,0.3308177254257157
ck_071ddaaf2e4e3671,0.29445628740635754
ck_1355db6f4010232a,0.2931322014085868
ck_0a7adc2f27f98510,0.8458876398697588
ck_68250033717cd59e,0.47972645047830376
ck_7c12de74de30b788,0.9392910671532662
ck_65491367584c730c,0.4375594056394647
ck_e9047964952bee70,0.6303667165385478
ck_5567779d6ba184eb,0.6382093850605864
ck_d6ea026357ec6477,0.40567949753877347
ck_cd7dcc884e283746,0.8606563675439644
ck_0bd77fea8ed75a15,0.480133880011372
ck_e80883208e8d0453,0.3281695503755244
ck_2ad0ecbacd5acf8e,0.9793234158145258
ck_6c1dbee7e8fdd5c8,0.23100202428891833
ck_ee4d9a7449515908,0.09360267868828259
ck_636111f7f030496c,0.26858569603823657
ck_2c629c657f73941f,0.6603114843894664
ck_c1c9d3842d758420,0.7786644766257887
ck_e4df7faacdfe8c40,0.7384325729967087
ck_94e8142728e44380,0.7713310776010527
ck_765aaf42c5088545,0.4795227434316006
ck_e0f845159b6e6a4a,0.604292408368248
ck_5bc07deb82edbad7,0.09951013806565505
ck_713159c5c6a7a4d0,0.9974536297438006
ck_b08afc91d9ca55db,0.568440213080431
ck_a7bc323ffed2ea97,0.9155565640589503
ck_85ca825f905a34a1,0.6731448938442827
ck_33160c443d4b3f19,0.5484770757955553
ck_832d39c590a3ca75,0.9760640515583511
ck_7d1661a34164406e,0.9824810287014089
ck_c2466fc40fc9d5ed,0.9938887637775516
ck_ed0e776c0926ce67,0.7845719728149136
ck_cdd2ebeec75bfa69,0.8429338607334985
ck_d7877684c7923ec3,0.44438354593529084
ck_7384d4d2406aabf4,0.34029002400189706
ck_b8e5244e650aa81b,0.7936368825093644
ck_25a1ea40b2d59254,0.11346396269164176
ck_b9e5b318ee4de68d,0.25147442651780105
ck_620d7ae27af83cea,0.43124453488201075
ck_40b4e264d1a12b83,0.9719896106954258
ck_b694c803b62862b3,0.35057716335275196
ck_cbeca201dbade3e5,0.784571966348797
ck_f9b439c9161c3e52,0.16500145308664996
ck_9880410fcd10a28e,0.06671355577351822
ck_74928f5f91aa12b2,0.869925081234707
ck_b6673bbe61d2680d,0.5263750148258594
ck_53c8315b5c30acb4,0.24658550021817494
ck_78f01d78ea79642f,0.5008099791456951
ck_8582490d6e365a63,0.47127266978855964
ck_af25c72d16299258,0.1762052593715893
ck_7905fe8e257b0449,0.8679900279016174
ck_0d16d9349e4a9e08,0.4518187911062071
ck_31b16b8848584e98,0.5419584929569599
ck_67207e3eecc02d76,0.645848341033914
ck_e6b95ff91116a592,0.34018817166578497
ck_c08f622bcd6de6e7,0.4317537977379209
ck_f9a68da9e0f0bc85,0.1821127160226515
ck_4072b59388976896,0.28172470205730604
ck_8ec86e853ad52828,0.8352948373137309
ck_4fecb87eaffd5cb5,0.37970703963723784
ck_d6880578428b965e,0.8902960038319347
ck_bfc82b3c1c9f2897,0.9777956081665404
ck_c340644176ca03e7,0.6049035158358806
ck_321e740066fb05c3,0.9266596262230292
ck_8929d2eb09872052,0.7983221138566183
ck_205c107cec528414,0.9439769942269165
ck_e76db7d2562f9836,0.47667086798299557
ck_9ede51c8434cff6e,0.5358473264776543
ck_492e4b89c61b7b6c,0.4185129473057195
ck_9385f5a1eeebefcd,0.73028433967375
ck_ee52c7bf88f952ab,0.3488456570528719
ck_d8116c34302021d7,0.09146376946722123
ck_01645ea51972e99a,0.7466826569368764
ck_7b45ed23304a854b,0.5098748700096586
ck_2096d32f3d497ea1,0.8755270669091483
ck_dfbb2056f1ef7d3b,0.36982733955928904
ck_938ce30c864bc7df,0.019453885247987576
ck_ff30dda2c881a4bd,0.9296138823631689
ck_f88c79186a082beb,0.31380830880368443
ck_08c7bb0f9851cb76,0.90384312623524
ck_2675e7a008e584a7,0.7130712106419229
ck_cbaf8a954281d4e3,0.9789160897563776
ck_8b24eadf6c72b30c,0.9466255431241044
ck_ffc8e3c1377d0706,0.19178872250022622
ck_5b59e859bed5b40e,0.678135685204625
ck_7b61717f172f9317,0.9666928951128887
ck_e5c30947b732f661,0.9184090221379323
ck_bc273f3ce79f7e1a,0.246789200028617
ck_f69e93388b3028cb,0.88143460732548
ck_3837ad850996ba60,0.46108739367023
ck_36d78ff3bc033ee5,0.4618003658661559
ck_5e20953547ba4135,0.8982407589038813
ck_258d661e450ac870,0.2917062640009199
ck_1df66f537496ca59,0.7426086055119557
ck_361f535599110201,0.4130128909176518
ck_337e98c69f6e7886,0.42024444095821983
ck_d3d5b2717cfc3913,0.7159230851699362
ck_b1dba768dbe7affe,0.5484770669192166
ck_92d782bd9ce0d1e3,0.6203851397162559
ck_26bd0f8898afc8ba,0.1789552773666891
ck_7916e53daab36745,0.8254150551305129
ck_2caf553b31831a50,0.4461150369158025
ck_c6200734c7f9b2f9,0.9746380118381834
ck_cdc55623cb16e6a9,0.12588999506352996
ck_57849e15b61c43b4,0.21124259901256107
ck_b7af9b2ee0eebbc6,0.6579688235124389
ck_00aa5fc3b3bc66aa,0.8621841706239884
ck_9929723f65636c7f,0.9897127142996801
ck_8f6cce9f69912983,0.6020516444961328
ck_c422ba389ff00781,0.10694538510731558
ck_9ec7f334604a228f,0.46465224217878826
ck_5d01200ba3341462,0.41617033081653776
ck_2bf10be403849c9a,0.36687360178096495
ck_6ca018259f70858f,0.2412891531804401
ck_a54dc042ebb7c766,0.8994630090404754
ck_79da63fc100830b5,0.5454215038700883
ck_67ab6f9e05c85085,0.531060244065436
ck_fa80da579ea9afc0,0.5797458776207393
ck_4339f86c87289222,0.9722952149985269
ck_a2299b4f530be0d6,0.9154548052247179
ck_19db0bf788697c2b,0.31676204129796026
ck_fa4211c4d826d830,0.033611415379547885
ck_96100d5e8e051e91,0.26807642532681875
ck_5c3a671883d58b3f,0.028824336604467763
ck_2d9524787cfe1ab3,0.9631277567961608
ck_47ab8e51e5b3a2d8,0.09095450797479991
ck_c924f36bc1bbbaa3,0.6236444342085761
ck_5c58e7f8fd55e26c,0.11672324906837633
ck_a07e7409d6d5aa06,0.44805024397420695
ck_c8413898f5f7cb7d,0.7833497775374975
ck_577c816b41cab002,0.9717859140723065
ck_9f7807ed64cdb728,0.5681346657813295
ck_495d814d6d6d521e,0.025463196480127813
ck_7aa8bc018c2b003b,0.30779899779639946
ck_7c3a6a82f3c3241d,0.3734940198921115
ck_487f7fbc290e4ae2,0.2797894932478438
ck_e556c4d36aadbe03,0.114584341885281
ck_7e6569a1b2455cb0,0.07384324664467072
ck_de2924955926d046,0.5551993539818167
ck_73d60b4630e3937a,0.1838442075429719
ck_805ee564bd35ef15,0.7589050309813743
ck_0d40961e47797027,0.1518624439008575
ck_f06d00a4f9c87d80,0.06803764341100518
ck_5ef50fb07b6737d5,0.5513289449807243
ck_16541fc15683e21c,0.2653264054158104
ck_09fd43f1b7e2eca2,0.1277233479754102
ck_2a2c336a69b8d68d,0.7225435364952273
ck_2685f38930866af0,0.7105248866455071
ck_298278a9da874437,0.47779124738749107
ck_00bd7803f2530c68,0.5115045119927306
ck_c2b4a1d8c0b6c1cd,0.0345280874308014
ck_2acb54ca20c3af6c,0.6603114465386171
ck_e3d4b6f681c783ab,0.7073674496316054
ck_f90293f1eba5d7b6,0.8894811806932814
ck_e69d27e8965df0be,0.06875061154235353
ck_b7f5d10b427346ad,0.2547337223660588
ck_1ce20e4223a936b1,0.5467455866647349
ck_6b97d1ab90f6bdeb,0.7814145164025367
ck_e30e17db5473c7b2,0.056528280986605686
ck_154c8efb19dee665,0.38795711364928154
ck_6f5bb0c930644cae,0.9981666040995725
ck_9e17699baa83d173,0.14035308741620786
ck_9693b1eb70880205,0.39579977373099406
ck_1e97899875bb427b,0.2431225059581798
ck_558a82590f65df69,0.038805906793145356
ck_18df83242ff3cdbb,0.846498705288802
ck_80ad4396e1084c68,0.6775245647524688
ck_0a993bc947bab61f,0.7825348990536964
ck_5c2d43ff841632f9,0.19270539553021868
ck_6e4b99fb9725d9fa,0.4051702348407808
ck_e0983999ca26c19e,0.779071895327245
ck_6573c4947cc8607e,0.7086915416331564
ck_d879d645d6e44207,0.4874672574374786
ck_1375ad9f10688e4a,0.1742700508515902
ck_7501ebbf4e21f160,0.40924434140967
ck_ca60d61cd4dc3bea,0.1326122797275415
ck_ab9ea095a5c58b4b,0.5052914930197094
ck_23756522b58df5d8,0.11285284544964513
ck_90bc176c43d85fd5,0.9065929854687036
ck_908b663b2dda94ad,0.7642013933104272
ck_4df2fb8e4b649e27,0.31482684570329506
ck_5615c6bbdef05291,0.8893792783577151
ck_b62f3e3185251f71,0.03748181997160553
ck_38d1a22850178f33,0.04705597749929678
ck_5b3ba20c8bb1383b,0.3551605259366173
ck_5576ffc6aaf6f22c,0.02149093966746468
ck_cf7a022178165e56,0.27469685430953616
ck_f2c7a4c50e2ede96,0.5712920891931222
ck_285719c77eadf915,0.09920457817753688
ck_f2aa1b677619ab19,0.5921719117367851
ck_3830c58d841e9e69,0.94153221059601
ck_32eba3510c8eac5e,0.3649383893349799
ck_8955d7b9030d5eb5,0.743728935982715
ck_6775e387dace7525,0.7639976900709163
ck_0a0cd7f4be606a93,0.8262298795481781
ck_a9f700eee5d638df,0.3559753476053177
ck_3d7db96995745472,0.4993840317642575
ck_aeed557007d52e9c,0.009879725214086324
ck_79b6a86830156b5a,0.5728198824080631
ck_6a1ff9d69466181c,0.9977591922377252
ck_f11b1565f986f5e3,0.43419826331039474
ck_4819327a78615485,0.09268600360355253
ck_3ed9e081959b2f5c,0.5224027576588768
ck_16af4be191c47d3d,0.042268896819238705
ck_25122cc0e8b1a662,0.8264335836658716
ck_509c22828d467ba3,0.6704967224681113
ck_31109c899336348d,0.38785527027958505
ck_c51131e53baa59c7,0.12639926222396816
ck_cf8ecabbc61d3e11,0.3284751321683009
ck_eb6baff0f85ba936,0.6287370755405883
ck_777669e2243204f2,0.9589514369455051
ck_ac0ea27e692acdc9,0.4464205973804339
ck_4c6ea04ce8ca9e2c,0.31686389491986483
ck_ca54b32fca7e94cd,0.19739062149595382
ck_4dfd8947f540eb24,0.3019933907916969
ck_95aff1fe27fb24bb,0.7285528421657325
ck_c7550723b90e5615,0.20604810275621188
ck_57b3fee69bdf85e8,0.1070472426558485
ck_f823407ace7ff064,0.757988330169445
ck_a69084a068bcc8aa,0.6708022799237444
ck_c7b17f7b24bef5d7,0.3664661823469988
ck_7c4e588f927c27c8,0.49347658039228864
ck_77fdac602d0c6f95,0.6840431572039408
ck_e963d8525018d072,0.5188379127523852
ck_6e8ebaea8f7bffaf,0.05174120270334541
ck_aa42976a31cb7770,0.32613249211180123
ck_22c862a496008c96,0.994703590787375
ck_527550dd15f38782,0.6455427851268496
ck_b3ab3c210e2c7c19,0.6620429542361664
ck_ed9c56fdb9f45ddc,0.9278820395102084
ck_b53281da70defcfa,0.3695217676045773
ck_03009b721568ee98,0.8252113554199603
ck_3d9afd862b3f4053,0.9293081871249453
ck_ad3c4be96599554a,0.39162381219459413
ck_d1c787c27d50af49,0.75931242753923
ck_c7a9c7b2eef46a99,0.42095741081223287
ck_53036d3c6c74446c,0.9104636207429305
ck_1b1efbd9c0964c8d,0.7255991149081248
ck_d66f42a269d5c1ed,0.5539771191350097
ck_fefc49a2b8ad993e,0.5124211991831505
ck_8b3b874249adece9,0.5939034108882547
ck_193d9c87ad3f1dad,0.06763022956546079
ck_0c6a50d747593b7b,0.40649431953888693
ck_c830f3830875b47a,0.7218306024128774
ck_79e202f06d8dfe42,0.8358041027151502
ck_5c0fe988b8aa7fcb,0.8835735720845176
ck_a8382d8345f21e1e,0.12619555398584903
ck_8cb20053914692d0,0.7034970363973021
ck_1da2f69023ca4c13,0.06895431727098472
ck_38abb60995114f8f,0.7408770932037018
ck_f5791fd8fd8fd191,0.4678096760592966
ck_a4e6fc391b674335,0.9374574573562847
ck_bd771efb4a7e15d0,0.32735472420264194
ck_38ba4a6b6a292054,0.814720687562579
ck_f7a07283345a0dce,0.3053545309280626
ck_87dc484baaf5a23a,0.010898253829562573
ck_c84ef83489badbfd,0.588301505312906
ck_a397cd64ec5d644b,0.3218546857910618
ck_7977135c2ff61e92,0.399364621760495
ck_52174855b243a8b0,0.7603309446466038
ck_0f35e930d0614613,0.9949072971845287
ck_b170a7db522a0d6f,0.5004025610508127
ck_7af748a23775bd54,0.9083246428736075
ck_52f641c9ee6fda70,0.3591327820933557
ck_c3719a30414bbb4d,0.533912134240699
ck_2baf214ad6bc0dbf,0.731506575013116
ck_8b39d8aacfdd72b4,0.3008730110852181
ck_d39b0152116203be,0.4627170369856482
ck_ed33f8a937f9c7c8,0.3826607736798468
ck_8ef97b55a5fd6ec9,0.12517702657630572
ck_8247f008a14bd1a2,0.32368802448314943
ck_f0d349d68249d5db,0.056935693215876375
ck_a544e766540861fc,0.44173538950314917
ck_9dfaca4c7c80b10d,0.8189982995871848
ck_7e5401c362b2216a,0.17060334962784549
ck_64ff60c073fdb6db,0.6806820059074252
ck_fc5ea49518e5d637,0.15247356152334743
ck_580f136ced341298,0.14656610191309383
ck_9cbef9bc95449dca,0.27805799475418036
ck_e475a3b8ba870a7e,0.3655495060068149
ck_97e94708bcf43563,0.34945677346675447
ck_13f03ec785cbdae1,0.04481521843791126
ck_152820d8817f478c,0.3681976813376952
ck_d20d4ba60eec9945,0.5221990521368338
ck_5c45968a805132e0,0.6476817149745586
ck_bebea2cf3063fb24,0.5787273465580666
ck_c3c69aefe7ea1d2f,0.5232175886156607
ck_02028b72f26fe855,0.5276991029703721
ck_dfadff70a58a9133,0.030555834425924522
ck_6482ed4491bedcaf,0.29751187364482706
ck_754cd7b4a5ae3f94,0.5283102625826995
ck_3132857aec8485bc,0.023731698576553988
ck_7ce4ca91b8f9f1c1,0.6758949248925206
ck_41938582f4351772,0.431957529628519
ck_f87d66946252476c,0.8980370304978962
ck_8053f1879a9b4e43,0.17508487249949894
ck_93892e91387f5103,0.7732662882252056
ck_15254db133b28371,0.6553206503380798
ck_d557b9feb241b3ec,0.036259586550909474
ck_71c3a8e4c12c989f,0.45517993907083715
ck_80e3041811033443,0.656033618954259
ck_3380d60067b4634b,0.18761275622899992
ck_a9c2cdc758df8510,0.7604328221302186
ck_3c0031d7514da17b,0.4389853442222979
ck_18d214b1418be39d,0.16072363257906666
ck_7ce768407fd48321,0.7414882035095918
ck_7a50abd42298133b,0.4926617567786899
ck_2db10f987d137582,0.7782570656929343
ck_e077d004cd1d80ae,0.32103985467126017
ck_1cb6dc67f9a321b5,0.858211919152419
ck_b864f64101149c35,0.9209552975537928
ck_9bedf54df9418e4a,0.23853913467501434
ck_c47e32c47f0e6578,0.894064658208405
ck_71f382d5e338daa3,0.22580753831330957
ck_14b4bf7be6ac2b61,0.7221361339208222
ck_5c87eea1cc07cc92,0.7541179463920858
ck_5f445182829ef342,0.7703125324895951
ck_a5d7311291caaa54,0.2226501044310664
ck_b7df99aecef385e6,0.7415901589359457
ck_3327a0582407068b,0.660922556889399
ck_08dba09fd7dab896,0.607551689232697
ck_f4ec334be5266378,0.10480647968644516
ck_240f7f894c5a86e7,0.554893819449543
ck_a9d994554fc14a02,0.000916682909365642
ck_13648cbd306eee6d,0.6051072222350617
ck_601edf9105b3c321,0.9888979213584895
ck_9527adac182abe57,0.9080190216980336
ck_4e0e80f5cc271bf7,0.02342614231887791
ck_96a89e720176b389,0.8767494191475975
ck_63560eec94b76d2f,0.5341158342806748
ck_c9c99e5b19aeced8,0.07638956479399962
ck_bc32655ee5ed643e,0.6057183344314608
ck_edccb5a93b741744,0.412809184383033
ck_f786cbc987b70930,0.07852847431887518
ck_0e8f26536ccc8947,0.6383112358908253
ck_b87ef4b98cfcec4c,0.7321176911826005
ck_1a9235812de4b2c1,0.5986904902102901
ck_d1ed88ea4211ba4d,0.08443593191230274
ck_a4ddac49657a4450,0.7083859761715802
ck_d9ffca35188e49d8,0.7216268488658559
ck_3db73bbe03c3d240,0.04461151243719852
ck_fffa0622344a36ab,0.029842863503706605
ck_148c28df51bba5e9,0.9718877685917559
ck_076cbc25c8f15fc3,0.9798327620792698
ck_e5ca550b39ed45bf,0.9379668378685369
ck_8dacf3a2061ca17d,0.47656902180085275
ck_2d7394afd61643d0,0.1146861951010353
ck_e42206e91f6a1752,0.1164176901132605
ck_2f4f94827984c426,0.02637987074533281
ck_edfe8e90e8f4366e,0.1961683871830461
ck_646b15f753e5e9c6,0.6949414066331666
ck_66600620149c8799,0.14391793435833744
ck_4ff6fc70bccfba96,0.9072043572437236
ck_41af3729590c2484,0.5311620954419118
ck_920a48ba8c583e96,0.18262198255662065
ck_0253b3e7be021306,0.051944909161824426
ck_2ae6949246ea2648,0.5109952476159929
ck_db23a5100f338d72,0.38164224931510526
ck_fcb2a559474c3493,0.5672179929553708
ck_0a4d7acd2a53cbbd,0.23252983236070712
ck_c5d62b2b7a6f3bac,0.9784067743120066
ck_cf59f4fc0ea690b2,0.32460470261683727
ck_837be8126bb19250,0.0729265735254465
ck_58955542edee1adc,0.18272382934894618
ck_1b93381d8eea58d1,0.45874477905094074
ck_97b8e05d62abdc14,0.452429910340625
ck_71a0d645744302a3,0.26726161049671965
ck_a7b57882ab66b111,0.12415850037045105
ck_65f76421be648549,0.29476184735425653
ck_b53ea8713d32ca7c,0.7453586110900129
ck_991c4c924a1d85ff,0.9571174535480437
ck_8432ccec1a4ec7fd,0.9932776317181525
ck_64c1633297f43788,0.38418855930678486
ck_4291fd9c1161d8e1,0.5983849327144941
ck_5e98ed6391d9f429,0.753710520411365
ck_c7baebe4549fdbb4,0.6974877248185478
ck_6e67225ba59fa5ae,0.6252740782145145
ck_719602def4d35fe0,0.6905617370586645
ck_bdee7c86f5ebe81f,0.49062469743281206
ck_8de38f8c7f91961f,0.7264139318169316
ck_b0b5bf9254700402,0.3546512758075251
ck_7b55d9bb1a250d4f,0.5048840852315284
ck_3954b7b0fd1d6614,0.05204676007066589
ck_f29471fe7c818d6a,0.204724023934337
ck_9e65a8a2f587691a,0.4783005138226184
ck_eaec5f1a83b66eb0,0.902111326948037
ck_004fe0daecbe2c1a,0.18710349369632143
ck_d17653a4a2d4a79e,0.7260065189803583
ck_0dd417fcbf19e424,0.5016248111976233
ck_4c99a6eadea143e2,0.879906829577146
ck_74d602c907ee9119,0.0914637711559723
ck_1aa87cb62acc0ac6,0.4414298122505275
ck_094974d75e29fb2f,0.7855904870943841
ck_5ef935ac3d4d3332,0.5231157288263095
ck_b26e4ae47c9107ed,0.9237055478227771
ck_396cea6f95186ad2,0.4784023619585083
ck_48446a9e8184c7d4,0.1109176438693353
ck_31e1ede23247d56b,0.7746922188813226
ck_7afefa349b960a3e,0.49184693385244466
ck_f5e02a3432571b20,0.7249879913235638
ck_64eefec062592c43,0.4726986077182209
ck_a1201284122c141f,0.6416724579320333
ck_1b34c420a4c85a95,0.3615772555781909
ck_d637a011332ba67a,0.2958822315483048
ck_99c0004d8b7079f8,0.34426228046625285
ck_948517bad569b40f,0.7800904557452489
ck_a28d6b1601b472a6,0.7296732231992102
ck_a0b4209feb31f5c0,0.9972499247472967
ck_d6d2c1f6dfc455b6,0.9203441184178283
ck_3f9e6d356d3dd3cf,0.08565816422872055
ck_d08e00c842b75176,0.4295130373556444
ck_bfdd232a7c5f2660,0.6737560217854962
ck_2cdad03ed069438c,0.5582549342858897
ck_42317c3eabd0a285,0.8890740214640696
ck_3eb73e56751c704d,0.6278203907643599
ck_ef33c04f4c9e3758,0.658681794851725
ck_1dc23dc870f1773d,0.4732078733815798
ck_76091f357974a152,0.413114742196355
ck_4d9eb75e8eee90fd,0.7009507155768855
ck_578f67e69e5d2cfd,0.09075080073826962
ck_3a8ce1cc724229b8,0.01588903890140742
ck_a96887f841e80fc1,0.6601077373596507
ck_d2d4a8f4a9f2c33f,0.26807642673093734
ck_11f85bc705dbe036,0.802498098806235
ck_7429b3f87528e335,0.1922979836149342
ck_26df74feac7ec51d,0.657866972890623
ck_c78b2638fadd91ab,0.5770976993023237
ck_7eaad325abe3b50c,0.19056648785671707
ck_fd44e34af620e606,0.7801922760694902
ck_f99738dff854e25f,0.06477835361774292
ck_1ffbce3a239bb264,0.18659423024261063
ck_96c7d52ba0a766ef,0.7136823405729861
ck_cb1c00c300af3f9e,0.565588362209512
ck_ec3d12848ced99f2,0.5262731621507724
ck_26cfd7c3c6c7bf69,0.29669705169036525
ck_7ae86b5a885affc3,0.5823940451076591
ck_3edaa94d28cd48ea,0.17549227890162894
ck_3209c530c9812e39,0.2729653598629884
ck_ea62ebfc1f04b49a,0.21898340586900342
ck_5fc90b4668ea81bf,0.5543845289577712
ck_95654593cdebd141,0.09329712167050824
ck_958c0bd61820147f,0.74994198810079
ck_8440ef1386c07194,0.23721504344308655
ck_8cd1b68dd74b1375,0.8756289447935612
ck_c9eb4df91ff07f2c,0.7285528844950168
ck_c29489366c01fe65,0.9776937806213032
ck_c965fd6bec0f0ecd,0.6477835419818381
ck_84c402b23766e1f2,0.5136434207220257
ck_181f3dae03b87136,0.6003202322910793
ck_022a8ae79eb28cf6,0.9796290574856403
ck_469c17407d17b706,0.7474974755818639
ck_1fcc5843f39148a9,0.19739061941413757
ck_5debd55f361b2ddf,0.20054805393112238
ck_28cb9b03e89263f1,0.038602198939487464
ck_f067470743d3c7a2,0.7409789099726717
ck_d5d225ce41a1a762,0.4719856464654377
ck_15b4840922195ffd,0.3538364440559703
ck_6bcfa37c717f19f1,0.7480067414149123
ck_8d501a0386c66be8,0.8695176616522895
ck_1a9d6190c57ea7e2,0.9189180353629948
ck_c49832eabdac5bb7,0.11264913873181936
ck_b4331140b2e0d4aa,0.1932146666674774
ck_5efbea1befdefe1b,0.8804160812179073
ck_72ff52c4824072ce,0.7212194372478442
ck_ec3715add8bbb6e9,0.18914055041790173
ck_9822f8ed05335741,0.3921330820444619
ck_c3d7d3d12a1981a3,0.17355707871054227
ck_a115a7919ac5875a,0.7559512838042434
ck_4dd4ed23e0b927b7,0.9441807375476203
ck_4c76efcc1ee6762d,0.4717819343955687
ck_3ad6e7bf452c9b21,0.5842273942581262
ck_dcbab304b55a42c7,0.43898534658121496
ck_24b53090faf722cf,0.2777524350883049
ck_187317383400491d,0.13729750374423022
ck_e07fd57565c94c28,0.791294255899342
ck_740e760fdcd27835,0.15593655247389296
ck_d3796aebda1cfed5,0.959766393293108
ck_e541967c681cb929,0.6755893613579096
ck_431118050b834dcb,0.04552818657045213
ck_90f3655f0c8a0074,0.05163935142497065
ck_13cd943777651aac,0.623848138376239
ck_66accecabf3901c0,0.47381899317122017
ck_937f0da2306b2eb9,0.2098166541075193
ck_105b0c93573fd5b7,0.8250076361039594
ck_00480407160e0743,0.2446502933009154
ck_e032068be7b77d15,0.516495299521419
ck_991b7dfd69098320,0.11336210984234932
ck_37d47cf0f34574a2,0.06773208081609067
ck_011551a596544f5d,0.0651857652852949
ck_9acd98f4fe2d474e,0.854239605734845
ck_7c88d3d377bb61bb,0.5472548407171975
ck_e2374c7136c964fd,0.733238074546564
ck_2fa8f2577116e9ca,0.6418760794890193
ck_d07c5b0321c685ea,0.917797604974029
ck_bc736114a31088a7,0.6051072179238428
ck_32bb42f9bff197f8,0.38785526076622484
ck_66267bbad1f1415f,0.9916479813634755
ck_19988702ccd79201,0.43827237435498534
ck_f473a03fbcdbc4b0,0.298428551223184
ck_e3f1d85fa5d49396,0.23405760750098806
ck_c4402ea6291df271,0.7631828346315821
ck_243bd5ca8c4ae5d0,0.3572994404662973
ck_f271e855925e8d6b,0.9082228914259488
ck_e424148c6f2223df,0.23823358123958702
ck_e4d0a9e1102a58b5,0.30953049324854104
ck_91c2a5fe69b9b1d1,0.35668832351783314
ck_5fd8924732fe403e,0.9133156632810917
ck_9a881d5433126ada,0.25188184264677965
ck_73cab88b29c7845d,0.5532641649980622
ck_5b5dea6476d4e182,0.4798283023381456
ck_ccccb17d2ca6ce94,0.8090167000781167
ck_cd1dc68e441222b1,0.9634334127973305
ck_8312c49b1431a406,0.5235231381972758
ck_25fea39897f2a559,0.3756329432114528
ck_f56200205280bddf,0.658783647780519
ck_7336611650dcc088,0.10154719575480414
ck_590716322ff147ae,0.5185323552359804
ck_c82364d87875a1a1,0.7506549345955356
ck_fa4b60387d744fc5,0.05530604949084144
ck_d841eba8906e9a15,0.23690948778213466
ck_d6df562a79b9d0d9,0.3149286898395962
ck_59a14d2564193101,0.1952517122507088
ck_8530158e3d7f59e7,0.27286351356310035
ck_ac68d707006c12a8,0.32256765242691254
ck_976fac1bb3dd8c58,0.6349500873971584
ck_f854fba8f4adae3d,0.8521007780357154
ck_b98e9c3ec6e7d1e7,0.3063730597006048
ck_803c0b4cf9d4bc1d,0.623746301345629
ck_76997a33c3ea5107,0.08514890220261385
ck_f1a9d832b700bda1,0.9844163244103827
ck_2bd96ddb8c323d63,0.995518416793746
ck_9e5b7acf51b1b743,0.7723496014141517
ck_09169f22194fd6aa,0.5694587564670383
ck_6d69e092f9b0848b,0.6954506719034604
ck_9f83fa5a2d3b9049,0.40802210721045273
ck_57bbb19eecb4b87c,0.13077892959104556
ck_e0e9cfabb979f428,0.2967988992886215
ck_b1ff9edc51d42f97,0.1778348924380275
ck_4682fad271d47eb0,0.9641464019141074
ck_ab33fb754c818ae3,0.8014795670567864
ck_b456f62b80e21557,0.037278114205141544
ck_16340be3f2a7fffd,0.035750324280330974
ck_ce66831f6611014c,0.3994664766913366
ck_4610a073bb54d1b1,0.49938403631819633
ck_fd038a7d33a9d6e5,0.1069453879577771
ck_c8198cb4c461304f,0.6972840186598666
ck_1e7de58822000dea,0.1624551281622995
ck_b2a79dd3df560f14,0.6865894963254273
ck_74a06f347b32347f,0.5724124799384591
ck_c6fdb2972417c9bd,0.5443011033273994
ck_d7607a213b800bfb,0.8451746653390668
ck_df65967b8b40319c,0.01833350387691225
ck_329a73dbd585ee09,0.1749830173141701
ck_74991a9e85c3b07d,0.5219953476516631
ck_bb76609b79e0bc9f,0.3038267473750726
ck_f7fc1bd0b9ab1fa4,0.5498011576526757
ck_d111c98b36bdb791,0.1690755574340201
ck_f07e27d125497b66,0.6257833382266003
ck_093e3a7134e11d6b,0.5278009543235349
ck_862c7953bdea48b0,0.39936462783572974
ck_392cf2cdd515c34d,0.36493839635556147
ck_80eb91b0b4001084,0.7281454372275449
ck_5923f53b77193a58,0.8331559849376519
ck_8049f5fce32be185,0.9685264493695045
ck_ebc5a2c6cf88e252,0.7594143110849552
ck_9ea5872f14cce338,0.5966534343438974
ck_f7fbc95ebf584379,0.3074934417207068
ck_bafe82c870356706,0.9885923552428217
ck_278b36c5932d9bff,0.137195653322431
ck_6a892dd5d05c1649,0.5197545885887473
ck_0734fd90b2cabd43,0.3823552109312792
ck_9b552204498b6762,0.5699680142189846
ck_f6c909c205767956,0.7528957338536177
ck_32f590e87bc3d715,0.001527799781999544
ck_66a8325f28be7562,0.18150159559876702
ck_b129261da9c3c3c9,0.24230768175922843
ck_a524071c51ddde20,0.3487438052170089
ck_ba576d6d4cb6130b,0.8472117328543994
ck_8d8226520722af78,0.6024590829826018
ck_c5b0f0d4f1655a20,0.6789505115020534
ck_61814ae9b6d8eab1,0.35791055175136705
ck_382ebf136f7fa337,0.909241367138817
ck_423ff4ede6a9f066,0.27164127356871465
ck_546ad962d04b7de4,0.9820736450489571
ck_9473ea4a01c95f9a,0.7433215442583817
ck_9eb1da8cd35a50ce,0.4734115796514897
ck_de5eaa2cdbcb67ff,0.8616749083719272
ck_537cc97d0398c922,0.7785626294903817
ck_998475a2e4dfad4e,0.4118925169074532
ck_e62eb708d2688fae,0.5747550842217838
ck_ea623358f704daa7,0.8670731668569709
ck_b911a09f328dfd4b,0.14951983611185177
ck_4b3506b624e5193c,0.6813949725165923
ck_448456f96788713b,0.6844505615385166
ck_5d5ef9e75f65d076,0.7134786297198392
ck_3b74512f774a6e5a,0.34416044371342863
ck_a032e8ac1507c6df,0.9606828848988122
ck_7e2d6b22a0ae20c2,0.7337473458163707
ck_d80283209c963f11,0.6031720305012259
ck_d1157eade2ac3975,0.5705791219792709
ck_be48f583f79427f7,0.6619410875234849
ck_0027b5d4107d65d8,0.6608207085825687
ck_94fff69584dd3b2a,0.7528957047877495
ck_75fcda73f0b43557,0.4022164979996792
ck_a1c78972e4ee4082,0.688015413410592
ck_f0982bbdbd122f91,0.46638374064194593
ck_3199b471575aeb3a,0.3361140641080723
ck_7fa947a0b1c1cf74,0.6618392347529238
ck_a60c618b7f0e4252,0.14259384472270337
ck_722ac47c8ac9b6c3,0.9380686903820187
ck_d44dc3839a195c8a,0.7463770953667367
ck_a2c3e82fab520483,0.5314676556869307
ck_6f8ae0319c07cafe,0.0904452425202793
ck_49886ff1e2c759d6,0.6400427301856184
ck_150a1108f936e6b0,0.33010474922057076
ck_e21f9f96f597695b,0.34579007713938364
ck_7297bff2b7fdcbc8,0.017314977480828046
ck_ee949c71f4f702eb,0.9889997714814134
ck_6fc37dea4b4f35c6,0.860961952246946
ck_e76257caa98dc25d,0.9884905028781785
ck_828eef2334e17b3a,0.4662818875692624
ck_604e1b8a8c693aa7,0.15990881477241098
ck_7743c9fe037d1f9e,0.7485160182135897
ck_864a11202e19e812,0.9061856375319463
ck_4ec040b9e3785e4a,0.1538994979431571
ck_7346e4f820d9c00a,0.9745361518172252
ck_48d4d63beb26b623,0.27153941891603883
ck_c423aa6de3ed1e01,0.2462799386237335
ck_d74b2ead8aaa3f73,0.6944321554679775
ck_1dd69a11daa7bf1a,0.6516539593860619
ck_d9143e236eef177f,0.3357066522399931
ck_f790d91e5ff0eccd,0.9154548151664298
ck_69b5620e00ef5dec,0.048787474991555654
ck_cd32e58e8a1c0e85,0.4077165487110694
ck_064013b0957d87a5,0.9943980312093894
ck_a481385c2e60dc4a,0.30464156324485675
ck_d72035cb29db3aa4,0.6988118115768807
ck_3759939a0205306d,0.5020322282960737
ck_f437a53fc832ec95,0.9333828866701325
ck_260ef2f3e6434819,0.8120722838886975
ck_35e411b05d22f663,0.4065961778030468
ck_8bf46e472f3e20de,0.8887681864034953
ck_d546994fc5d3e9d1,0.3991609169118465
ck_6ff0fc7487e737e7,0.9121952493638873
ck_5c67f27816ae0b6f,0.6549132644196871
ck_c5517923458106ae,0.29303034853189636
ck_d9735647a6b0b0a7,0.9439770186665416
ck_541a734fc457246f,0.7136823311082025
ck_2f6a639468f41043,0.18679793315714358
ck_bea2cf7a6b7bb900,0.312586076042656
ck_7eebd0e6ad6c070e,0.4127073385353928
ck_b64c87d5e3b10e6a,0.9619054361216238
ck_9dd7daacb7833233,0.4760597506737193
ck_396e9ea9a6c6d7d9,0.5835144948169368
ck_1645e6cc53fa99ff,0.6694781920944688
ck_ea2a83ccb8d57490,0.25361333839593997
ck_e64f0df63e1be595,0.7610439171787081
ck_fa0b234481cb57d3,0.714395294033516
ck_63379e3c9fe6f711,0.6139684326290759
ck_c67f7944896a0310,0.7790719875595917
ck_c10e54c9db29e6ef,0.9974536353081925
ck_7184ad7709ae4c80,0.6402464564519681
ck_f8b6069d7577fde6,0.1654088579412251
ck_18444be153bac1ca,0.9755547529366037
ck_d0982b4e0e118e4d,0.630672316824482
ck_6faf3e6820398866,0.5340140080783872
ck_97e980463aca4644,0.1279270505274556
ck_630c835243c66b19,0.9902220189908656
ck_fe429ba3e1aa0e4f,0.6022553408095181
ck_1058129ed7b48c59,0.41016101838043095
ck_04a1a46f07885296,0.6215055261766665
ck_f01e94331067edf6,0.3228732094481223
ck_77b2fb17c29f5e72,0.5368658520044124
ck_4f0c5857da45fb28,0.894472086370392
ck_2cfb9a7775e8a5bc,0.9702580778714309
ck_6846100e43659bf3,0.3293917833034642
ck_f89719a854fe11d7,0.5400232911099322
ck_bf47375e41ca3bc0,0.08728780846040414
ck_2770b0400a7bef08,0.7478030497155979
ck_2a09d142de1c77ff,0.44611503638024874
ck_857a1f5547b9ad68,0.5218934932961671
ck_185f15b1523bbcf4,0.090241538554628
ck_ab2aed614ec1cdf8,0.7214231402055367
ck_a9e7f3b2d5dfd97b,0.33102142377660027
ck_0eeb3d9b3e697edb,0.8070815044784149
ck_fa5830d81bc8ddc1,0.10378795447460704
ck_231ae0329ebc3220,0.25127072865280414
ck_1587763dd54688c9,0.24617808638444844
ck_9f85fea4490c00cf,0.48237463458837815
ck_a2d709e7eb91e4af,0.7151082631718931
ck_43637d28c7216453,0.09900087297973799
ck_f3ab5dd853d38252,0.6974877304738606
ck_4a1f0172d3bf4fd3,0.4563003126168143
ck_517620ca16505af0,0.30077115588513864
ck_9ae904fbef56065c,0.24169656646903692
ck_d5ef1f6e34bb35b8,0.835905964883353
ck_ff42557857ae3aeb,0.04939858808141307
ck_ad9a18f58589faa7,0.26451158675431014
ck_df1a6edaa3e6b271,0.25106701579346286
ck_99021fe7225b5a68,0.6873025138675101
ck_99e52c3c2530b69e,0.9870645397295933
ck_3a4811dc4a1a891d,0.23660392943649178
ck_ba3a6be026c87079,0.2466873497173925
ck_da6d1e5cf6aba6fd,0.5911533861760416
ck_ddc7c1f3d45fe6e6,0.37583664319368754
ck_e1b1e7a7e4a15b3e,0.1835386485626501
ck_8288f7f226e08b89,0.3581142585006975
ck_c4524993ec31dbe5,0.21368705812263922
ck_8b19bb5b23b6741c,0.5665050371944245
ck_d21b38231a8a9f4a,0.9115841133760266
ck_3f730318a9792292,0.5784217849011538
ck_a4db6e94a8f77f9d,0.7680717785663962
ck_a8cac8d480306839,0.034120677499858344
ck_5472214011fbc2a7,0.12976039977394072
ck_7356f47dbbbe7904,0.19127945902892068
ck_16801e628e883d78,0.4061887576944127
ck_0dc1e536231c4860,0.5164953002540803
ck_7cd0634a6e60af83,0.4213648291403386
ck_ef6f8e048ae1bd4b,0.3039285935189674
ck_82f3f744209888ac,0.5949219373322261
ck_f33188c232a03526,0.8997685714974036
ck_4a59f4e10bf45d7f,0.08606557609607965
ck_d96c893721385e4e,0.12079736018156517
ck_f65ab819373edb37,0.478606067652397
ck_21cac21fc10b7768,0.5028470403450559
ck_139b54e6ccbdd7da,0.7697014623735119
ck_d6f5c8741697abb3,0.6549132388567916
ck_a28d9bb5590d458f,0.8015814240830675
ck_ed26d906883bea0a,0.22499271395598677
ck_227602ad072b838b,0.020370559119192583
ck_39d5f6c17c745ab1,0.034731795363548465
ck_744eade757ba69b5,0.5768939927505079
ck_c1295d97cdf35ec2,0.5424677662491343
ck_69105f881da3c821,0.4528373206725516
ck_933789b55361d7c1,0.9541636535833843
ck_b667952253503174,0.21246482521430918
ck_7bf668e25abeeb05,0.2465854946683162
ck_91742711dfdffd56,0.5202638515029768
ck_af32a0660090dd68,0.6617373772681349
ck_2122f201e65f76ee,0.40099426492205326
ck_f48acb73a5d6af07,0.6659133450788212
ck_337c5684510cf432,0.728858430073302
ck_f7bde7265053364d,0.5210786714701162
ck_c190c7b924edba75,0.740775206655536
ck_044fa3b3a003f0b5,0.548782639959659
ck_87eb43e3b9d96169,0.8432393877783035
ck_2d3d6c9364362017,0.02627801742295669
ck_ac55dc6cbcdf8228,0.4312445443672204
ck_61d7b0568ec5d6cf,0.6471724248929646
ck_89c74feeaffa7d09,0.2074740461179685
ck_93776b0c113f41f0,0.7948591343296609
ck_15e0b679931f7a8d,0.359947609102958
ck_77b56c49cfdb1d81,0.8890738015024184
ck_73188a826b5f499f,0.30922493887793706
ck_4f463ef25325ddfa,0.9218721064686635
ck_863db2e394dc47d1,0.9840089076153563
ck_d52432ed597f3cc9,0.23365019958005334
ck_04fb61e5739642f8,0.9247242015621798
ck_2e481d75d110c06d,0.8397764045992488
ck_3fa1a523d77cd619,0.588199658236017
ck_466dc6274fecd708,0.42543892812106343
ck_e1790b3aa2241b10,0.961905495417372
ck_84ad096a46e1a960,0.6308759790034564
ck_3be72c9c178fa00d,0.497245132342594
ck_5a17c89219d1d9fe,0.41311474554106514
ck_4f639f4ee6ce8d9e,0.726923200653225
ck_f4ec4a935e51b4db,0.7320158460167638
ck_f04040a830f92bac,0.2970026073115651
ck_3e4d02a04be2aaf8,0.7967943463811983
ck_4d1baef193cfb900,0.6775245662777816
ck_0fb3153d37626b75,0.08127849904303941
ck_88ec57a11b11f702,0.9639426690209503
ck_dca9dc465f759db4,0.32185467691484493
ck_64f5fba6af67e024,0.6074498378906406
ck_896096cb167254ef,0.8293873295045314
ck_7878679065876b98,0.5929867428935813
ck_fe8e5a6c880ceb4e,0.261150446083895
ck_a5e036327d3d1862,0.05337084724848261
ck_310f73940fc4cf4f,0.7661365925434342
ck_46a8db16ad00b749,0.6227277511928692
ck_0d33977c3de8cfaf,0.998064751762845
ck_c6fff412f531db0f,0.013342720604013538
ck_bac6dadf428eaea9,0.6508391297213405
ck_1b96d9af0d7da2d5,0.2724560927948406
ck_fa8a4a9e77799fcc,0.17569598645527434
ck_0bf48607a874b4d1,0.16601998022348516
ck_eeb75f8a6439f65e,0.6365797595202836
ck_a209a5f7d172125e,0.2834561955721657
ck_8f346b72fb40bf14,0.34466969116195
ck_bccbf9fef367f00f,0.5613105222632482
ck_2d1548f1ee405cc9,0.43908720726291167
ck_e8298ff2dc1e9d50,0.1907701935001212
ck_77c0fb524edb4a94,0.19830729610579684
ck_28ac4c5134cb8e77,0.7143953066008428
ck_db23a0e3e54be60c,0.9663873371014019
ck_a059d00cee5cee99,0.11733436596741648
ck_3e9e3bba8bd363af,0.13403821791377893
ck_0428728df24cdab4,0.19912211648347206
ck_88cd35378075c84f,0.046037447923086054
ck_0174d76398d9dc0f,0.5879959851539237
ck_3f1287e6c27de0dc,0.5074304026892115
ck_ff822700f3605e06,0.9996944166023525
ck_4563227b2038ae07,0.888564540370634
ck_788e78065526ee19,0.5729217343073998
ck_8a16eb584093b12f,0.14748277553452713
ck_cc276f71ab6c08fd,0.7773404254482925
ck_d61d97b21002f3e9,0.684959821321086
ck_4b2e87d86a5e415c,0.6799690347604295
ck_3e6f35e4500d2f2a,0.026583577491159846
ck_3acdb083e0d8ad61,0.07058396052101473
ck_cd655202db489010,0.09166747611766846
ck_829cbf5ccda481ae,0.5036618544072412
ck_f5882e6f98b8b4cd,0.020676116893582418
ck_767947540b234add,0.4101610220832372
ck_a6e8e8f535b1f1d1,0.6270055739363395
ck_58412a2674fea506,0.6646911425624141
ck_fae7e518a585fa61,0.7766274329486544
ck_9c60ae6958d68dbd,0.8906016024906483
ck_328696b8f5e54ec6,0.7952665257900577
ck_7df3f8f4f1068d62,0.1282326095568767
ck_cfadd21458230ef7,0.3728829079897667
ck_7048bedd554c703b,0.11387137305954166
ck_50422466f145bfd7,0.16204771719404423
ck_61e1f7168cd9ff25,0.7029877728269257
ck_733aff0f56f5b3c9,0.5417547895228114
ck_e14892e424180549,0.058565337146650444
ck_03f6664a96de7d0f,0.6362741812590128
ck_b7f4baa2cc82fe61,0.35230864836578357
ck_1e51199a075ca0fa,0.3171694500365536
ck_0e70516fa07cfb17,0.9601737781797028
ck_0f37c554a5057801,0.9396985274923529
ck_5576b725de38d106,0.2785672587983065
ck_82f360df1e9f4eb8,0.7785626471024295
ck_395f3bd4aacd7ca6,0.6788486524630352
ck_5e8e857b63966609,0.9478481306460738
ck_93470896f0804b6b,0.9753510321162576
ck_3be854e42e76569a,0.4171888589331026
ck_0567302c57a2417e,0.8361096588270354
ck_ee535461b5f05539,0.9504963853312619
ck_94a096c36162a153,0.5242361091183904
ck_dfc8f5c141fd7c63,0.6071442752626133
ck_98b34f2d704c1c2a,0.590542266688186
ck_96dff7a09d45f116,0.7668495665632753
ck_79557434c129ba52,0.3455863824422119
ck_4596624a7c01d501,0.49021729911187495
ck_04e89fbd739243fa,0.11814918785046856
ck_6149ffaf18872dc8,0.1081676183806493
ck_cd78f0832a09bd8f,0.9346052525096874
ck_7e29c10d781c3b41,0.2994470725759617
ck_1f7ee7b23fc6f2f4,0.18537199679757724
ck_c49b685d2b3ab89a,0.37237364991718863
ck_84569a8fc50e73ac,0.47514308968959124
ck_b92b11d205af91eb,0.057954220874771215
ck_06280e6d6d2485b0,0.28946550261156195
ck_3c08546dd0c92863,0.5745513794057733
ck_99d3983f907828bf,0.19046463690354598
ck_eccfd552aa652d3c,0.40231835399862037
ck_0cff8153881875ba,0.5226064738824203
ck_c1aebbeca6ab5ff9,0.3105490220610056
ck_538fdbbb3c2bcbbb,0.6592929091726629
ck_8c0210322733c718,0.3956979300004514
ck_0b0c93039f987abc,0.3753273730279489
ck_6d07d6d1bd227d37,0.8511840043855485
ck_9b6ee35e8cd0b11c,0.17070520234301526
ck_d838491d3d4f5ecf,0.22214083841496834
ck_0593ae243a9ebee9,0.7628773215416961
ck_ef261fc09be8eb0b,0.14432534317512433
ck_d0935b571a4a3868,0.6608207050926206
ck_97d04a67a104af39,0.8163501229781083
ck_e25f70d0b7229420,0.7425066887585458
ck_9b71274ff83de482,0.9833977784740997
ck_6de2aa2bb60978d3,0.7042100117435671
ck_eda55c8fb47593d7,0.34191966959263353
ck_924e572517515f19,0.8868329508603654
ck_d6f27eacbad310f4,0.3225676476825113
ck_8550f229b5eb03ab,0.25758559101691414
ck_e3e95546a84d0ed8,0.6432001667746633
ck_3135c019696ee6af,0.9743324355344141
ck_41ba315d8fccb559,0.32277135106152727
ck_72b86e4485da2d0f,0.9837033278972054
ck_daaa995f3c2f0e47,0.5602920112408318
ck_053746067839696b,0.5871811257514973
ck_a15fe7d0f4b65c33,0.9435694863975908
ck_15de11438732bb05,0.2423076798349022
ck_2c4d25acbe3fabd9,0.7326269583861947
ck_7f08078908599bd2,0.7692941744920162
ck_e794741742fb2619,0.36524395933662607
ck_238e53b6dee8c301,0.1825201218642015
ck_53a6a33060d5c8b8,0.13953826495728144
ck_0e0919292ad33472,0.9594607610144807
ck_d86ccf148c06c8c8,0.8219521101797939
ck_c881f26c9bf9ae42,0.9324659729801883
ck_4b0947bf94e9d847,0.8320355667503946
ck_e10ff5c38bd18470,0.5357454889033011
ck_b60de9e97aad9e45,0.9658779690170247
ck_190bc849e5ff5401,0.5035600011055467
ck_e7be077aa0b2632c,0.07832476913089943
ck_a51abde881ebeff3,0.6282278022359624
ck_2208392a9f6bd249,0.46648559001739076
ck_0259da8f109017e9,0.20625181194661676
ck_05e01ab9c95449da,0.663978141679363
ck_c82897ebffb6ae66,0.22652050607678362
ck_b4a6bb4689cd7cfa,0.630264863267929
ck_9e21ea33018ce538,0.4313463907630381
ck_caa348f0e65db062,0.984008855715709
ck_a964e6b5d8415334,0.9187143236499458
ck_510bfbbee37ff436,0.564671660039999
ck_9741a82faf5c7889,0.5134397173779148
ck_e7f61b4a39ba98ac,0.1134639610765815
ck_069d158665a53909,0.7138860332463722
ck_6426427efe3228af,0.7410807492688963
ck_ab4a8d02ec3c0fd7,0.09115821064244821
ck_aefa0d8d933e0eca,0.7726551728001134
ck_232325ef6bce92f1,0.30779900411766226
ck_14e58c3fb26a2b4d,0.48390241180554033
ck_06e73afdec26aecc,0.8657491018839631
ck_3168f4f2778d64e1,0.34365116625927244
ck_ff3998d6858daa21,0.02719469150489777
ck_bccff46fb0868454,0.8956943707898148
ck_c7d444d90fa86d7c,0.9323640941572968
ck_f0bc3bdee6bfbb94,0.534013980098313
ck_f7112818a6d81422,0.8421190001074373
ck_aca35dbcb835ad02,0.6999321880309624
ck_f637fabf0f60528f,0.5469492771988973
ck_53d17ab97de1ac3e,0.23527984334509855
ck_c8c1bf16d9113493,0.7048211446802172
ck_e842fb0cf055a83b,0.8468042672433517
ck_93c0cb3dac4891fe,0.3067804681820086
ck_0c1f088e17e46daf,0.7313028686251323
ck_8f4b384955bf57c9,0.3217528263470204
ck_09cd5c4df1e81ac2,0.8634064401615413
ck_1e832a5b2342554f,0.8269428513849593
ck_2cb763a881aee27f,0.1199825366142282
ck_5875828b11406398,0.7039044470082978
ck_48e84b0cb0b90fa7,0.5964497454189004
ck_833688de8629c5c0,0.08871374631475377
ck_117d78ccd5820f36,0.5695605950544682
ck_668ec61c4c39cae3,0.059685717891043745
ck_73a7794b659d7a34,0.048685621914176795
ck_10f90d879209734f,0.4204481418742372
ck_d1d079913aa158bf,0.25463186149240025
ck_01c631b38e8a9535,0.24953922726346897
ck_f6923088c17a04e2,0.8429338525327881
ck_b447badc9138987d,0.04888932804380845
ck_8b772caed8f1541c,0.4009942641048574
ck_5403c76fe68a08ba,0.9339940668845327
ck_3e6833574edf1736,0.46536522311429585
ck_e527fbb9450a4581,0.9558955501948543
ck_cc90e219f1ebf390,0.04675041593466448
